<?xml version="1.0" encoding="UTF-8"?>
<metadata xml:lang="es"><Esri><CreaDate>20161214</CreaDate><CreaTime>16565500</CreaTime><ArcGISFormat>1.0</ArcGISFormat><SyncOnce>FALSE</SyncOnce><DataProperties><lineage><Process ToolSource="C:\Archivos de programa\ArcGIS\Desktop10.0\ArcToolbox\Toolboxes\Data Management Tools.tbx\CalculateField" Date="20110905" Time="135750">CalculateField 05_020_A0 Cve_Est "08" VB #</Process><Process ToolSource="C:\Archivos de programa\ArcGIS\Desktop10.0\ArcToolbox\Toolboxes\Data Management Tools.tbx\CalculateField" Date="20110905" Time="135759">CalculateField 05_020_A0 Cve_Mun "08019" VB #</Process><Process ToolSource="C:\Archivos de programa\ArcGIS\Desktop10.0\ArcToolbox\Toolboxes\Data Management Tools.tbx\CalculateField" Date="20110905" Time="135807">CalculateField 05_020_A0 Cve_Loc "080190001" VB #</Process><Process ToolSource="C:\Archivos de programa\ArcGIS\Desktop10.0\ArcToolbox\Toolboxes\Data Management Tools.tbx\CalculateField" Date="20110905" Time="135821">CalculateField 05_020_A0 Cve_CD "020" VB #</Process><Process ToolSource="C:\Archivos de programa\ArcGIS\Desktop10.0\ArcToolbox\Toolboxes\Data Management Tools.tbx\CalculateField" Date="20110905" Time="135847">CalculateField 05_020_A0 Nom [NOMBRE] VB #</Process><Process ToolSource="C:\Archivos de programa\ArcGIS\Desktop10.0\ArcToolbox\Toolboxes\Data Management Tools.tbx\CalculateField" Date="20110907" Time="170335">CalculateField 05_020_A0 CodPost 31064 VB #</Process><Process ToolSource="C:\Archivos de programa\ArcGIS\Desktop10.0\ArcToolbox\Toolboxes\Data Management Tools.tbx\CalculateField" Date="20110907" Time="170426">CalculateField 05_020_A0 CodPost 31063 VB #</Process><Process ToolSource="C:\Archivos de programa\ArcGIS\Desktop10.0\ArcToolbox\Toolboxes\Data Management Tools.tbx\CalculateField" Date="20110907" Time="170506">CalculateField 05_020_A0 CodPost 31065 VB #</Process><Process ToolSource="C:\Archivos de programa\ArcGIS\Desktop10.0\ArcToolbox\Toolboxes\Data Management Tools.tbx\CalculateField" Date="20110907" Time="171257">CalculateField 05_020_A0 CodPost 31217 VB #</Process><Process ToolSource="C:\Archivos de programa\ArcGIS\Desktop10.0\ArcToolbox\Toolboxes\Data Management Tools.tbx\CalculateField" Date="20110913" Time="141639">CalculateField 05_020_A0 CodPost "31203" VB #</Process><Process ToolSource="C:\Archivos de programa\ArcGIS\Desktop10.0\ArcToolbox\Toolboxes\Data Management Tools.tbx\CalculateField" Date="20110919" Time="172904">CalculateField 05_020_A0 CodPost 31134 VB #</Process><Process ToolSource="C:\Archivos de programa\ArcGIS\Desktop10.0\ArcToolbox\Toolboxes\Data Management Tools.tbx\CalculateField" Date="20110920" Time="114403">CalculateField 05_020_A0 CodPost 31376 VB #</Process><Process ToolSource="C:\Archivos de programa\ArcGIS\Desktop10.0\ArcToolbox\Toolboxes\Data Management Tools.tbx\CalculateField" Date="20110920" Time="115602">CalculateField 05_020_A0 CodPost 31137 VB #</Process><Process ToolSource="C:\Archivos de programa\ArcGIS\Desktop10.0\ArcToolbox\Toolboxes\Data Management Tools.tbx\CalculateField" Date="20110926" Time="130038">CalculateField 05_020_A0 Nom "SIN DATO" VB #</Process><Process ToolSource="C:\Archivos de programa\ArcGIS\Desktop10.0\ArcToolbox\Toolboxes\Data Management Tools.tbx\CalculateField" Date="20110926" Time="130153">CalculateField 05_020_A0 Cve_Est "08" VB #</Process><Process ToolSource="C:\Archivos de programa\ArcGIS\Desktop10.0\ArcToolbox\Toolboxes\Data Management Tools.tbx\CalculateField" Date="20110926" Time="130203">CalculateField 05_020_A0 Cve_Mun "08019" VB #</Process><Process ToolSource="C:\Archivos de programa\ArcGIS\Desktop10.0\ArcToolbox\Toolboxes\Data Management Tools.tbx\CalculateField" Date="20110926" Time="130212">CalculateField 05_020_A0 Cve_Loc "080190001" VB #</Process><Process ToolSource="C:\Archivos de programa\ArcGIS\Desktop10.0\ArcToolbox\Toolboxes\Data Management Tools.tbx\CalculateField" Date="20110926" Time="130224">CalculateField 05_020_A0 Cve_CD "020" VB #</Process><Process ToolSource="C:\Archivos de programa\ArcGIS\Desktop10.0\ArcToolbox\Toolboxes\Data Management Tools.tbx\CalculateField" Date="20110926" Time="130308">CalculateField 05_020_A0 Nombre [Nom] VB #</Process><Process ToolSource="C:\Archivos de programa\ArcGIS\Desktop10.0\ArcToolbox\Toolboxes\Data Management Tools.tbx\CalculateField" Date="20110926" Time="132007">CalculateField 05_020_A0 Nombre [Nom] VB #</Process><Process ToolSource="C:\Archivos de programa\ArcGIS\Desktop10.0\ArcToolbox\Toolboxes\Data Management Tools.tbx\CalculateField" Date="20110926" Time="132844">CalculateField 05_020_A0 Nom "RINCONADAS DEL VALLE" VB #</Process><Process ToolSource="C:\Archivos de programa\ArcGIS\Desktop10.0\ArcToolbox\Toolboxes\Data Management Tools.tbx\CalculateField" Date="20110926" Time="132850">CalculateField 05_020_A0 Nombre "RINCONADAS DEL VALLE" VB #</Process><Process ToolSource="C:\Archivos de programa\ArcGIS\Desktop10.0\ArcToolbox\Toolboxes\Data Management Tools.tbx\CalculateField" Date="20110926" Time="132929">CalculateField 05_020_A0 CodPost 31160 VB #</Process><Process ToolSource="C:\Archivos de programa\ArcGIS\Desktop10.0\ArcToolbox\Toolboxes\Conversion Tools.tbx\FeatureClassToFeatureClass" Date="20110926" Time="144305">FeatureClassToFeatureClass "D:\implan2011\CG-004-2011 - Inventario de Suelo\020_Chihuahua\UTM\Cartografia Urbana\05_020_A0.shp" X:\CGeomatica\Fraccionamientos\shp\Fraccionamientos.gdb\Fraccionamientos ColoniasyFraccionamientos # "CLAVE "CLAVE" true true false 5 Text 0 0 ,First,#,D:\implan2011\CG-004-2011 - Inventario de Suelo\020_Chihuahua\UTM\Cartografia Urbana\05_020_A0.shp,CLAVE,-1,-1;GIRODES "GIRODES" true true false 4 Short 0 4 ,First,#,D:\implan2011\CG-004-2011 - Inventario de Suelo\020_Chihuahua\UTM\Cartografia Urbana\05_020_A0.shp,GIRODES,-1,-1;CVE_INEGI "CVE_INEGI" true true false 5 Text 0 0 ,First,#,D:\implan2011\CG-004-2011 - Inventario de Suelo\020_Chihuahua\UTM\Cartografia Urbana\05_020_A0.shp,CVE_INEGI,-1,-1;Cve_Est "Cve_Est" true true false 2 Text 0 0 ,First,#,D:\implan2011\CG-004-2011 - Inventario de Suelo\020_Chihuahua\UTM\Cartografia Urbana\05_020_A0.shp,Cve_Est,-1,-1;Cve_Mun "Cve_Mun" true true false 5 Text 0 0 ,First,#,D:\implan2011\CG-004-2011 - Inventario de Suelo\020_Chihuahua\UTM\Cartografia Urbana\05_020_A0.shp,Cve_Mun,-1,-1;Cve_Loc "Cve_Loc" true true false 9 Text 0 0 ,First,#,D:\implan2011\CG-004-2011 - Inventario de Suelo\020_Chihuahua\UTM\Cartografia Urbana\05_020_A0.shp,Cve_Loc,-1,-1;Cve_CD "Cve_CD" true true false 3 Text 0 0 ,First,#,D:\implan2011\CG-004-2011 - Inventario de Suelo\020_Chihuahua\UTM\Cartografia Urbana\05_020_A0.shp,Cve_CD,-1,-1;Nom "Nom" true true false 80 Text 0 0 ,First,#,D:\implan2011\CG-004-2011 - Inventario de Suelo\020_Chihuahua\UTM\Cartografia Urbana\05_020_A0.shp,Nom,-1,-1;Id_SNom "Id_SNom" true true false 3 Text 0 0 ,First,#,D:\implan2011\CG-004-2011 - Inventario de Suelo\020_Chihuahua\UTM\Cartografia Urbana\05_020_A0.shp,Id_SNom,-1,-1;Id_Dsr "Id_Dsr" true true false 3 Text 0 0 ,First,#,D:\implan2011\CG-004-2011 - Inventario de Suelo\020_Chihuahua\UTM\Cartografia Urbana\05_020_A0.shp,Id_Dsr,-1,-1;Nombre "Nombre" true true false 80 Text 0 0 ,First,#,D:\implan2011\CG-004-2011 - Inventario de Suelo\020_Chihuahua\UTM\Cartografia Urbana\05_020_A0.shp,Nombre,-1,-1;CodPost "CodPost" true true false 5 Long 0 5 ,First,#,D:\implan2011\CG-004-2011 - Inventario de Suelo\020_Chihuahua\UTM\Cartografia Urbana\05_020_A0.shp,CodPost,-1,-1;TpDsr "TpDsr" true true false 2 Short 0 2 ,First,#,D:\implan2011\CG-004-2011 - Inventario de Suelo\020_Chihuahua\UTM\Cartografia Urbana\05_020_A0.shp,TpDsr,-1,-1" #</Process><Process ToolSource="C:\Archivos de programa\ArcGIS\Desktop10.0\ArcToolbox\Toolboxes\Data Management Tools.tbx\CalculateField" Date="20111105" Time="145257">CalculateField ColoniasyFraccionamientos Nom "AREA CERRIL" VB #</Process><Process ToolSource="C:\Archivos de programa\ArcGIS\Desktop10.0\ArcToolbox\Toolboxes\Data Management Tools.tbx\CalculateField" Date="20111105" Time="145310">CalculateField ColoniasyFraccionamientos Nombre "AREA CERRIL" VB #</Process><Process ToolSource="C:\Archivos de programa\ArcGIS\Desktop10.0\ArcToolbox\Toolboxes\Data Management Tools.tbx\CalculateField" Date="20111107" Time="142414">CalculateField ColoniasyFraccionamientos Id_SUMAR "84" VB #</Process><Process ToolSource="C:\Archivos de programa\ArcGIS\Desktop10.0\ArcToolbox\Toolboxes\Data Management Tools.tbx\CalculateField" Date="20111113" Time="085317">CalculateField ColoniasyFraccionamientos Nom "VALLE GRANDE (COL. EJIDAL)" VB #</Process><Process ToolSource="C:\Archivos de programa\ArcGIS\Desktop10.0\ArcToolbox\Toolboxes\Data Management Tools.tbx\CalculateField" Date="20111113" Time="085322">CalculateField ColoniasyFraccionamientos Nombre "VALLE GRANDE (COL. EJIDAL)" VB #</Process><Process ToolSource="C:\Archivos de programa\ArcGIS\Desktop10.0\ArcToolbox\Toolboxes\Data Management Tools.tbx\CalculateField" Date="20111113" Time="105548">CalculateField ColoniasyFraccionamientos Nom "JOSE FRANCISCO RUIZ MASSIEU" VB #</Process><Process ToolSource="C:\Archivos de programa\ArcGIS\Desktop10.0\ArcToolbox\Toolboxes\Data Management Tools.tbx\CalculateField" Date="20111113" Time="105554">CalculateField ColoniasyFraccionamientos Nombre "JOSE FRANCISCO RUIZ MASSIEU" VB #</Process><Process ToolSource="C:\Archivos de programa\ArcGIS\Desktop10.0\ArcToolbox\Toolboxes\Data Management Tools.tbx\CalculateField" Date="20111128" Time="150055">CalculateField ColoniasyFraccionamientos Nom "RINCON DE LA SIERRA" VB #</Process><Process ToolSource="C:\Archivos de programa\ArcGIS\Desktop10.0\ArcToolbox\Toolboxes\Data Management Tools.tbx\CalculateField" Date="20111128" Time="150101">CalculateField ColoniasyFraccionamientos Nombre "RINCON DE LA SIERRA" VB #</Process><Process ToolSource="C:\Archivos de programa\ArcGIS\Desktop10.0\ArcToolbox\Toolboxes\Data Management Tools.tbx\CalculateField" Date="20111128" Time="150112">CalculateField ColoniasyFraccionamientos CodPost 31124 VB #</Process><Process ToolSource="C:\Archivos de programa\ArcGIS\Desktop10.0\ArcToolbox\Toolboxes\Editing Tools.tbx\Snap" Date="20111220" Time="142906">Snap ColoniasyFraccionamientos "Lotificacion END '0.3 Meters';Lotificacion VERTEX '0.3 Meters';Lotificacion EDGE '0.3 Meters'"</Process><Process ToolSource="C:\Archivos de programa\ArcGIS\Desktop10.0\ArcToolbox\Toolboxes\Editing Tools.tbx\Snap" Date="20111220" Time="150127">Snap ColoniasyFraccionamientos "Lotificacion END '0.4 Meters';Lotificacion VERTEX '0.4 Meters';Lotificacion EDGE '0.4 Meters'"</Process><Process ToolSource="C:\Archivos de programa\ArcGIS\Desktop10.0\ArcToolbox\Toolboxes\Data Management Tools.tbx\CalculateField" Date="20120319" Time="083410">CalculateField "Colonias y Fraccionamientos" Nom "LOS PORTALES" VB #</Process><Process ToolSource="C:\Archivos de programa\ArcGIS\Desktop10.0\ArcToolbox\Toolboxes\Data Management Tools.tbx\CalculateField" Date="20120319" Time="083441">CalculateField "Colonias y Fraccionamientos" Nombre "LOS PORTALES" VB #</Process><Process ToolSource="C:\Program Files (x86)\ArcGIS\Desktop10.0\ArcToolbox\Toolboxes\Data Management Tools.tbx\CalculateField" Date="20120517" Time="131852">CalculateField ColoniasyFraccionamientos Diff "Len( [Nombre] ) - Len( [Nom] )" VB #</Process><Process ToolSource="C:\Program Files (x86)\ArcGIS\Desktop10.0\ArcToolbox\Toolboxes\Data Management Tools.tbx\CalculateField" Date="20120517" Time="160705">CalculateField ColoniasyFraccionamientos CveIMPlan "[Cve_Loc] &amp; "-" &amp; [OBJECTID]" VB #</Process><Process ToolSource="C:\Program Files (x86)\ArcGIS\Desktop10.0\ArcToolbox\Toolboxes\Data Management Tools.tbx\CalculateField" Date="20120517" Time="160801">CalculateField ColoniasyFraccionamientos Cve_Est "08" VB #</Process><Process ToolSource="C:\Program Files (x86)\ArcGIS\Desktop10.0\ArcToolbox\Toolboxes\Data Management Tools.tbx\CalculateField" Date="20120517" Time="160812">CalculateField ColoniasyFraccionamientos Cve_Mun "08019" VB #</Process><Process ToolSource="C:\Program Files (x86)\ArcGIS\Desktop10.0\ArcToolbox\Toolboxes\Data Management Tools.tbx\CalculateField" Date="20120517" Time="160822">CalculateField ColoniasyFraccionamientos Cve_Loc "080190001" VB #</Process><Process ToolSource="C:\Program Files (x86)\ArcGIS\Desktop10.0\ArcToolbox\Toolboxes\Data Management Tools.tbx\CalculateField" Date="20120517" Time="160833">CalculateField ColoniasyFraccionamientos Cve_CD "020" VB #</Process><Process ToolSource="C:\Program Files (x86)\ArcGIS\Desktop10.0\ArcToolbox\Toolboxes\Data Management Tools.tbx\CalculateField" Date="20120517" Time="161027">CalculateField ColoniasyFraccionamientos Nom "VISTAS DEL NORTE" VB #</Process><Process ToolSource="C:\Program Files (x86)\ArcGIS\Desktop10.0\ArcToolbox\Toolboxes\Data Management Tools.tbx\CalculateField" Date="20120517" Time="161047">CalculateField ColoniasyFraccionamientos CveIMPlan "[Cve_Loc] &amp; "-" &amp; [OBJECTID]" VB #</Process><Process ToolSource="c:\program files (x86)\arcgis\desktop10.1\ArcToolbox\Toolboxes\Data Management Tools.tbx\CalculateField" Date="20120926" Time="120944">CalculateField ColoniasyFraccionamientos Nombre "VISTAS DEL NORTE" VB #</Process><Process ToolSource="c:\program files (x86)\arcgis\desktop10.1\ArcToolbox\Toolboxes\Data Management Tools.tbx\CalculateField" Date="20120926" Time="123615">CalculateField ColoniasyFraccionamientos TipDsr 0 VB #</Process><Process ToolSource="c:\program files (x86)\arcgis\desktop10.2\ArcToolbox\Toolboxes\Data Management Tools.tbx\CalculateField" Date="20140327" Time="171441">CalculateField ColoniasyFraccionamientos AAutDsr Right( [FAutDsr],4 ) VB #</Process><Process ToolSource="c:\program files (x86)\arcgis\desktop10.2\ArcToolbox\Toolboxes\Data Management Tools.tbx\CalculateField" Date="20140327" Time="171723">CalculateField ColoniasyFraccionamientos AAutDsr "" VB #</Process><Process ToolSource="c:\program files (x86)\arcgis\desktop10.2\ArcToolbox\Toolboxes\Data Management Tools.tbx\CalculateField" Date="20140327" Time="172307">CalculateField ColoniasyFraccionamientos AAutDsr "2014" VB #</Process><Process ToolSource="c:\program files (x86)\arcgis\desktop10.2\ArcToolbox\Toolboxes\Data Management Tools.tbx\CalculateField" Date="20140327" Time="173542">CalculateField ColoniasyFraccionamientos AAutDsr "2013" VB #</Process><Process ToolSource="c:\program files (x86)\arcgis\desktop10.2\ArcToolbox\Toolboxes\Data Management Tools.tbx\CalculateField" Date="20140328" Time="101440">CalculateField ColoniasyFraccionamientos AAutDsr "2011" VB #</Process><Process ToolSource="c:\program files (x86)\arcgis\desktop10.2\ArcToolbox\Toolboxes\Data Management Tools.tbx\CalculateField" Date="20140328" Time="101634">CalculateField ColoniasyFraccionamientos AAutDsr "" VB #</Process><Process ToolSource="c:\program files (x86)\arcgis\desktop10.2\ArcToolbox\Toolboxes\Data Management Tools.tbx\CalculateField" Date="20140328" Time="102330">CalculateField ColoniasyFraccionamientos AAutDsr "2007-2010" VB #</Process><Process ToolSource="c:\program files (x86)\arcgis\desktop10.2\ArcToolbox\Toolboxes\Data Management Tools.tbx\CalculateField" Date="20140328" Time="102408">CalculateField ColoniasyFraccionamientos AAutDsr "0710" VB #</Process><Process ToolSource="c:\program files (x86)\arcgis\desktop10.2\ArcToolbox\Toolboxes\Data Management Tools.tbx\CalculateField" Date="20140331" Time="102502">CalculateField "Colonias y Fraccionamientos" Cve_Est "08" VB #</Process><Process ToolSource="c:\program files (x86)\arcgis\desktop10.2\ArcToolbox\Toolboxes\Data Management Tools.tbx\CalculateField" Date="20140331" Time="102524">CalculateField "Colonias y Fraccionamientos" Cve_Mun "08019" VB #</Process><Process ToolSource="c:\program files (x86)\arcgis\desktop10.2\ArcToolbox\Toolboxes\Data Management Tools.tbx\CalculateField" Date="20140331" Time="102544">CalculateField "Colonias y Fraccionamientos" Cve_Loc "080190001" VB #</Process><Process ToolSource="c:\program files (x86)\arcgis\desktop10.2\ArcToolbox\Toolboxes\Data Management Tools.tbx\CalculateField" Date="20140331" Time="102557">CalculateField "Colonias y Fraccionamientos" Cve_CD "020" VB #</Process><Process ToolSource="c:\program files (x86)\arcgis\desktop10.2\ArcToolbox\Toolboxes\Data Management Tools.tbx\CalculateField" Date="20140908" Time="181125">CalculateField "Colonias y Fraccionamientos" AAutDsr "2008" VB #</Process><Process ToolSource="c:\program files (x86)\arcgis\desktop10.2\ArcToolbox\Toolboxes\Data Management Tools.tbx\CalculateField" Date="20140911" Time="133550">CalculateField ColoniasyFraccionamientos AAutDsr "2006" VB #</Process><Process ToolSource="c:\program files (x86)\arcgis\desktop10.2\ArcToolbox\Toolboxes\Data Management Tools.tbx\CalculateField" Date="20150625" Time="151228">CalculateField "ColoniasyFraccionamientos selection selection" Nombre "CORDILLERAS" VB #</Process><Process ToolSource="c:\program files (x86)\arcgis\desktop10.4\ArcToolbox\Toolboxes\Data Management Tools.tbx\CalculateField" Date="20160908" Time="143551">CalculateField ColoniasyFraccionamientos Nombre "QUINTA ARBOLEDA ETAPA IV" VB #</Process><Process ToolSource="c:\program files (x86)\arcgis\desktop10.4\ArcToolbox\Toolboxes\Data Management Tools.tbx\CalculateField" Date="20160909" Time="153149">CalculateField ColoniasyFraccionamientos Nombre "PALMA REAL VII ETAPA 2" VB #</Process><Process ToolSource="c:\program files (x86)\arcgis\desktop10.4\ArcToolbox\Toolboxes\Data Management Tools.tbx\Integrate" Date="20161017" Time="093357">Integrate "ColoniasyFraccionamientos #" "0.35 Meters"</Process><Process ToolSource="c:\program files (x86)\arcgis\desktop10.4\ArcToolbox\Toolboxes\Data Management Tools.tbx\Integrate" Date="20161017" Time="093605">Integrate "ColoniasyFraccionamientos #" "0.03 Meters"</Process><Process ToolSource="c:\program files (x86)\arcgis\desktop10.4\ArcToolbox\Toolboxes\Data Management Tools.tbx\CalculateField" Date="20161214" Time="170411">CalculateField ColoniasyFraccionamientos2016 Institucio "IMPLAN" VB #</Process><Process ToolSource="c:\program files (x86)\arcgis\desktop10.4\ArcToolbox\Toolboxes\Data Management Tools.tbx\CalculateField" Date="20161214" Time="170456">CalculateField ColoniasyFraccionamientos2016 FechaAct "30/09/2016" VB #</Process><Process ToolSource="c:\program files (x86)\arcgis\desktop10.4\ArcToolbox\Toolboxes\Data Management Tools.tbx\CalculateField" Date="20170427" Time="094615">CalculateField ColoniasyFraccionamientos2016 Cve_Est "08" VB #</Process><Process ToolSource="c:\program files (x86)\arcgis\desktop10.4\ArcToolbox\Toolboxes\Data Management Tools.tbx\CalculateField" Date="20170427" Time="094625">CalculateField ColoniasyFraccionamientos2016 Cve_Mun "08019" VB #</Process><Process ToolSource="c:\program files (x86)\arcgis\desktop10.4\ArcToolbox\Toolboxes\Data Management Tools.tbx\CalculateField" Date="20170427" Time="094633">CalculateField ColoniasyFraccionamientos2016 Cve_Loc "080190001" VB #</Process></lineage><itemProps><itemName Sync="TRUE">ColoniasyFraccionamientos</itemName><imsContentType Sync="TRUE">002</imsContentType><itemLocation><linkage Sync="TRUE">file://\\10.218.151.51\samba\CGeomatica\Fraccionamientos\shp\Fraccionamientos.gdb</linkage><protocol Sync="TRUE">Local Area Network</protocol></itemLocation></itemProps><coordRef><type Sync="TRUE">Projected</type><geogcsn Sync="TRUE">GCS_ITRF_1992</geogcsn><projcsn Sync="TRUE">ITRF_92_UTM_Zone_13N</projcsn><peXml Sync="TRUE">&lt;ProjectedCoordinateSystem xsi:type='typens:ProjectedCoordinateSystem' xmlns:xsi='http://www.w3.org/2001/XMLSchema-instance' xmlns:xs='http://www.w3.org/2001/XMLSchema' xmlns:typens='http://www.esri.com/schemas/ArcGIS/10.0'&gt;&lt;WKT&gt;PROJCS[&amp;quot;ITRF_92_UTM_Zone_13N&amp;quot;,GEOGCS[&amp;quot;GCS_ITRF_1992&amp;quot;,DATUM[&amp;quot;D_ITRF_1992&amp;quot;,SPHEROID[&amp;quot;GRS_1980&amp;quot;,6378137.0,298.257222101]],PRIMEM[&amp;quot;Greenwich&amp;quot;,0.0],UNIT[&amp;quot;Degree&amp;quot;,0.0174532925199433]],PROJECTION[&amp;quot;Transverse_Mercator&amp;quot;],PARAMETER[&amp;quot;False_Easting&amp;quot;,500000.0],PARAMETER[&amp;quot;False_Northing&amp;quot;,0.0],PARAMETER[&amp;quot;Central_Meridian&amp;quot;,-105.0],PARAMETER[&amp;quot;Scale_Factor&amp;quot;,0.9996],PARAMETER[&amp;quot;Latitude_Of_Origin&amp;quot;,0.0],UNIT[&amp;quot;Meter&amp;quot;,1.0]]&lt;/WKT&gt;&lt;XOrigin&gt;-5120900&lt;/XOrigin&gt;&lt;YOrigin&gt;-9998100&lt;/YOrigin&gt;&lt;XYScale&gt;10000&lt;/XYScale&gt;&lt;ZOrigin&gt;-100000&lt;/ZOrigin&gt;&lt;ZScale&gt;10000&lt;/ZScale&gt;&lt;MOrigin&gt;-100000&lt;/MOrigin&gt;&lt;MScale&gt;10000&lt;/MScale&gt;&lt;XYTolerance&gt;0.001&lt;/XYTolerance&gt;&lt;ZTolerance&gt;0.001&lt;/ZTolerance&gt;&lt;MTolerance&gt;0.001&lt;/MTolerance&gt;&lt;HighPrecision&gt;true&lt;/HighPrecision&gt;&lt;/ProjectedCoordinateSystem&gt;</peXml></coordRef></DataProperties><SyncDate>20110926</SyncDate><SyncTime>14430400</SyncTime><ModDate>20110926</ModDate><ModTime>14430400</ModTime></Esri><dataIdInfo><envirDesc Sync="TRUE">Microsoft Windows XP Version 5.1 (Build 2600) Service Pack 3; ESRI ArcGIS 10.0.2.3200</envirDesc><dataLang><languageCode value="es" country="MX"></languageCode></dataLang><idCitation><resTitle Sync="TRUE">ColoniasyFraccionamientos</resTitle><presForm><PresFormCd value="005"></PresFormCd></presForm></idCitation><descKeys><thesaName uuidref="723f6998-058e-11dc-8314-0800200c9a66"></thesaName><keyword Sync="TRUE">002</keyword></descKeys><spatRpType><SpatRepTypCd value="001"></SpatRepTypCd></spatRpType></dataIdInfo><mdLang><languageCode value="es"></languageCode></mdLang><mdChar><CharSetCd value="004"></CharSetCd></mdChar><distInfo><distFormat><formatName Sync="TRUE">File Geodatabase Feature Class</formatName></distFormat></distInfo><mdHrLv><ScopeCd value="005"></ScopeCd></mdHrLv><mdHrLvName Sync="TRUE">dataset</mdHrLvName><refSysInfo><RefSystem><refSysID><identCode code="0"></identCode></refSysID></RefSystem></refSysInfo><spdoinfo><ptvctinf><esriterm Name="ColoniasyFraccionamientos"><efeatyp Sync="TRUE">Simple</efeatyp><efeageom Sync="TRUE">4</efeageom><esritopo Sync="TRUE">FALSE</esritopo><efeacnt Sync="TRUE">0</efeacnt><spindex Sync="TRUE">TRUE</spindex><linrefer Sync="TRUE">FALSE</linrefer></esriterm></ptvctinf></spdoinfo><spatRepInfo><VectSpatRep><topLvl><TopoLevCd value="001"></TopoLevCd></topLvl><geometObjs><geoObjTyp><GeoObjTypCd value="002"></GeoObjTypCd><geoObjCnt Sync="TRUE">0</geoObjCnt></geoObjTyp></geometObjs></VectSpatRep></spatRepInfo><eainfo><detailed Name="ColoniasyFraccionamientos"><enttyp><enttypl Sync="TRUE">ColoniasyFraccionamientos</enttypl><enttypt Sync="TRUE">Feature Class</enttypt><enttypc Sync="TRUE">0</enttypc></enttyp><attr><attrlabl Sync="TRUE">OBJECTID</attrlabl><attalias Sync="TRUE">OBJECTID</attalias><attrtype Sync="TRUE">OID</attrtype><attwidth Sync="TRUE">4</attwidth><atprecis Sync="TRUE">0</atprecis><attscale Sync="TRUE">0</attscale><attrdef Sync="TRUE">Internal feature number.</attrdef><attrdefs Sync="TRUE">ESRI</attrdefs><attrdomv><udom Sync="TRUE">Sequential unique whole numbers that are automatically generated.</udom></attrdomv></attr><attr><attrlabl Sync="TRUE">Shape</attrlabl><attalias Sync="TRUE">Shape</attalias><attrtype Sync="TRUE">Geometry</attrtype><attwidth Sync="TRUE">0</attwidth><atprecis Sync="TRUE">0</atprecis><attscale Sync="TRUE">0</attscale><attrdef Sync="TRUE">Feature geometry.</attrdef><attrdefs Sync="TRUE">ESRI</attrdefs><attrdomv><udom Sync="TRUE">Coordinates defining the features.</udom></attrdomv></attr><attr><attrlabl Sync="TRUE">CLAVE</attrlabl><attalias Sync="TRUE">CLAVE</attalias><attrtype Sync="TRUE">String</attrtype><attwidth Sync="TRUE">5</attwidth><atprecis Sync="TRUE">0</atprecis><attscale Sync="TRUE">0</attscale></attr><attr><attrlabl Sync="TRUE">GIRODES</attrlabl><attalias Sync="TRUE">GIRODES</attalias><attrtype Sync="TRUE">SmallInteger</attrtype><attwidth Sync="TRUE">2</attwidth><atprecis Sync="TRUE">0</atprecis><attscale Sync="TRUE">0</attscale></attr><attr><attrlabl Sync="TRUE">CVE_INEGI</attrlabl><attalias Sync="TRUE">CVE_INEGI</attalias><attrtype Sync="TRUE">String</attrtype><attwidth Sync="TRUE">5</attwidth><atprecis Sync="TRUE">0</atprecis><attscale Sync="TRUE">0</attscale></attr><attr><attrlabl Sync="TRUE">Cve_Est</attrlabl><attalias Sync="TRUE">Cve_Est</attalias><attrtype Sync="TRUE">String</attrtype><attwidth Sync="TRUE">2</attwidth><atprecis Sync="TRUE">0</atprecis><attscale Sync="TRUE">0</attscale></attr><attr><attrlabl Sync="TRUE">Cve_Mun</attrlabl><attalias Sync="TRUE">Cve_Mun</attalias><attrtype Sync="TRUE">String</attrtype><attwidth Sync="TRUE">5</attwidth><atprecis Sync="TRUE">0</atprecis><attscale Sync="TRUE">0</attscale></attr><attr><attrlabl Sync="TRUE">Cve_Loc</attrlabl><attalias Sync="TRUE">Cve_Loc</attalias><attrtype Sync="TRUE">String</attrtype><attwidth Sync="TRUE">9</attwidth><atprecis Sync="TRUE">0</atprecis><attscale Sync="TRUE">0</attscale></attr><attr><attrlabl Sync="TRUE">Cve_CD</attrlabl><attalias Sync="TRUE">Cve_CD</attalias><attrtype Sync="TRUE">String</attrtype><attwidth Sync="TRUE">3</attwidth><atprecis Sync="TRUE">0</atprecis><attscale Sync="TRUE">0</attscale></attr><attr><attrlabl Sync="TRUE">Nom</attrlabl><attalias Sync="TRUE">Nom</attalias><attrtype Sync="TRUE">String</attrtype><attwidth Sync="TRUE">80</attwidth><atprecis Sync="TRUE">0</atprecis><attscale Sync="TRUE">0</attscale></attr><attr><attrlabl Sync="TRUE">Id_SNom</attrlabl><attalias Sync="TRUE">Id_SNom</attalias><attrtype Sync="TRUE">String</attrtype><attwidth Sync="TRUE">3</attwidth><atprecis Sync="TRUE">0</atprecis><attscale Sync="TRUE">0</attscale></attr><attr><attrlabl Sync="TRUE">Id_Dsr</attrlabl><attalias Sync="TRUE">Id_Dsr</attalias><attrtype Sync="TRUE">String</attrtype><attwidth Sync="TRUE">3</attwidth><atprecis Sync="TRUE">0</atprecis><attscale Sync="TRUE">0</attscale></attr><attr><attrlabl Sync="TRUE">Nombre</attrlabl><attalias Sync="TRUE">Nombre</attalias><attrtype Sync="TRUE">String</attrtype><attwidth Sync="TRUE">80</attwidth><atprecis Sync="TRUE">0</atprecis><attscale Sync="TRUE">0</attscale></attr><attr><attrlabl Sync="TRUE">CodPost</attrlabl><attalias Sync="TRUE">CodPost</attalias><attrtype Sync="TRUE">Integer</attrtype><attwidth Sync="TRUE">4</attwidth><atprecis Sync="TRUE">0</atprecis><attscale Sync="TRUE">0</attscale></attr><attr><attrlabl Sync="TRUE">TpDsr</attrlabl><attalias Sync="TRUE">TpDsr</attalias><attrtype Sync="TRUE">SmallInteger</attrtype><attwidth Sync="TRUE">2</attwidth><atprecis Sync="TRUE">0</atprecis><attscale Sync="TRUE">0</attscale></attr><attr><attrlabl Sync="TRUE">Shape_Length</attrlabl><attalias Sync="TRUE">Shape_Length</attalias><attrtype Sync="TRUE">Double</attrtype><attwidth Sync="TRUE">8</attwidth><atprecis Sync="TRUE">0</atprecis><attscale Sync="TRUE">0</attscale><attrdef Sync="TRUE">Length of feature in internal units.</attrdef><attrdefs Sync="TRUE">ESRI</attrdefs><attrdomv><udom Sync="TRUE">Positive real numbers that are automatically generated.</udom></attrdomv></attr><attr><attrlabl Sync="TRUE">Shape_Area</attrlabl><attalias Sync="TRUE">Shape_Area</attalias><attrtype Sync="TRUE">Double</attrtype><attwidth Sync="TRUE">8</attwidth><atprecis Sync="TRUE">0</atprecis><attscale Sync="TRUE">0</attscale><attrdef Sync="TRUE">Area of feature in internal units squared.</attrdef><attrdefs Sync="TRUE">ESRI</attrdefs><attrdomv><udom Sync="TRUE">Positive real numbers that are automatically generated.</udom></attrdomv></attr></detailed></eainfo><mdDateSt Sync="TRUE">20110926</mdDateSt></metadata>
