<metadata xml:lang="es"><Esri><CreaDate>20231220</CreaDate><CreaTime>11593200</CreaTime><ArcGISFormat>1.0</ArcGISFormat><SyncOnce>FALSE</SyncOnce><DataProperties><lineage><Process ToolSource="c:\program files\arcgis\pro\Resources\ArcToolbox\toolboxes\Data Management Tools.tbx\CreateFeatureclass" Date="20231220" Time="115932">CreateFeatureclass T:\PDUCP\2023\07_cartografia\gdb\PDU2040_2023.gdb\zonificacion z_s_2023 Polygon # No No "PROJCS["MEXICO_ITRF_2008_UTM_Zone_13N",GEOGCS["ITRF_2008",DATUM["D_ITRF_2008",SPHEROID["GRS_1980",6378137.0,298.257222101]],PRIMEM["Greenwich",0.0],UNIT["Degree",0.0174532925199433]],PROJECTION["Transverse_Mercator"],PARAMETER["False_Easting",500000.0],PARAMETER["False_Northing",0.0],PARAMETER["Central_Meridian",-105.0],PARAMETER["Scale_Factor",0.9996],PARAMETER["Latitude_Of_Origin",0.0],UNIT["Meter",1.0]];-5120900 -9998100 10000;-100000 10000;-100000 10000;0.001;0.001;0.001;IsHighPrecision" # # # # "Zonificación Secundaria 2023" "Same as template"</Process><Process ToolSource="c:\program files\arcgis\pro\Resources\ArcToolbox\toolboxes\Data Management Tools.tbx\UpdateSchema" Date="20231220" Time="120001">UpdateSchema T:\PDUCP\2023\07_cartografia\gdb\PDU2040_2023.gdb\zonificacion\z_s_2023 "&lt;operationSequence&gt;&lt;workflow&gt;&lt;AddField&gt;&lt;field_name&gt;obj_geo&lt;/field_name&gt;&lt;field_type&gt;TEXT&lt;/field_type&gt;&lt;field_alias&gt;Objeto Geográfico&lt;/field_alias&gt;&lt;field_is_nullable&gt;TRUE&lt;/field_is_nullable&gt;&lt;field_length&gt;50&lt;/field_length&gt;&lt;/AddField&gt;&lt;/workflow&gt;&lt;workflow&gt;&lt;AddField&gt;&lt;field_name&gt;cod_obj_geo&lt;/field_name&gt;&lt;field_type&gt;TEXT&lt;/field_type&gt;&lt;field_alias&gt;Código del Objeto Geográfico&lt;/field_alias&gt;&lt;field_is_nullable&gt;TRUE&lt;/field_is_nullable&gt;&lt;field_length&gt;9&lt;/field_length&gt;&lt;/AddField&gt;&lt;/workflow&gt;&lt;workflow&gt;&lt;AddField&gt;&lt;field_name&gt;cve_ent&lt;/field_name&gt;&lt;field_type&gt;TEXT&lt;/field_type&gt;&lt;field_alias&gt;Clave del Estado&lt;/field_alias&gt;&lt;field_is_nullable&gt;TRUE&lt;/field_is_nullable&gt;&lt;field_length&gt;2&lt;/field_length&gt;&lt;field_default_value&gt;08&lt;/field_default_value&gt;&lt;/AddField&gt;&lt;/workflow&gt;&lt;workflow&gt;&lt;AddField&gt;&lt;field_name&gt;cve_mun&lt;/field_name&gt;&lt;field_type&gt;TEXT&lt;/field_type&gt;&lt;field_alias&gt;Clave del Municipio&lt;/field_alias&gt;&lt;field_is_nullable&gt;TRUE&lt;/field_is_nullable&gt;&lt;field_length&gt;9&lt;/field_length&gt;&lt;field_default_value&gt;019&lt;/field_default_value&gt;&lt;field_domain&gt;cve_mun&lt;/field_domain&gt;&lt;/AddField&gt;&lt;/workflow&gt;&lt;workflow&gt;&lt;AddField&gt;&lt;field_name&gt;cve_loc&lt;/field_name&gt;&lt;field_type&gt;TEXT&lt;/field_type&gt;&lt;field_alias&gt;Clave de Localidad&lt;/field_alias&gt;&lt;field_is_nullable&gt;TRUE&lt;/field_is_nullable&gt;&lt;field_length&gt;9&lt;/field_length&gt;&lt;field_default_value&gt;0001&lt;/field_default_value&gt;&lt;field_domain&gt;cve_loc&lt;/field_domain&gt;&lt;/AddField&gt;&lt;/workflow&gt;&lt;workflow&gt;&lt;AddField&gt;&lt;field_name&gt;cve_zm&lt;/field_name&gt;&lt;field_type&gt;TEXT&lt;/field_type&gt;&lt;field_alias&gt;Clave de Zona Metropolitana&lt;/field_alias&gt;&lt;field_is_nullable&gt;TRUE&lt;/field_is_nullable&gt;&lt;field_length&gt;8&lt;/field_length&gt;&lt;field_default_value&gt;08.1.01&lt;/field_default_value&gt;&lt;/AddField&gt;&lt;/workflow&gt;&lt;workflow&gt;&lt;AddField&gt;&lt;field_name&gt;zonif_prim&lt;/field_name&gt;&lt;field_type&gt;TEXT&lt;/field_type&gt;&lt;field_alias&gt;Ubicación en la Zonificación Primaria&lt;/field_alias&gt;&lt;field_is_nullable&gt;TRUE&lt;/field_is_nullable&gt;&lt;field_length&gt;35&lt;/field_length&gt;&lt;field_domain&gt;Ct_UbicZP&lt;/field_domain&gt;&lt;/AddField&gt;&lt;/workflow&gt;&lt;workflow&gt;&lt;AddField&gt;&lt;field_name&gt;cal_pos&lt;/field_name&gt;&lt;field_type&gt;TEXT&lt;/field_type&gt;&lt;field_alias&gt;Calificador de Posición&lt;/field_alias&gt;&lt;field_is_nullable&gt;TRUE&lt;/field_is_nullable&gt;&lt;field_length&gt;2&lt;/field_length&gt;&lt;field_domain&gt;cal_pos&lt;/field_domain&gt;&lt;/AddField&gt;&lt;/workflow&gt;&lt;workflow&gt;&lt;AddField&gt;&lt;field_name&gt;fecha_act&lt;/field_name&gt;&lt;field_type&gt;DATE&lt;/field_type&gt;&lt;field_alias&gt;Fecha de Actualización&lt;/field_alias&gt;&lt;field_is_nullable&gt;TRUE&lt;/field_is_nullable&gt;&lt;field_length&gt;8&lt;/field_length&gt;&lt;/AddField&gt;&lt;/workflow&gt;&lt;workflow&gt;&lt;AddField&gt;&lt;field_name&gt;a_act&lt;/field_name&gt;&lt;field_type&gt;Short&lt;/field_type&gt;&lt;field_alias&gt;Año de Actualización&lt;/field_alias&gt;&lt;field_is_nullable&gt;TRUE&lt;/field_is_nullable&gt;&lt;field_length&gt;2&lt;/field_length&gt;&lt;/AddField&gt;&lt;/workflow&gt;&lt;workflow&gt;&lt;AddField&gt;&lt;field_name&gt;institucion&lt;/field_name&gt;&lt;field_type&gt;TEXT&lt;/field_type&gt;&lt;field_alias&gt;Responsable o Integrador de la Información&lt;/field_alias&gt;&lt;field_is_nullable&gt;TRUE&lt;/field_is_nullable&gt;&lt;field_length&gt;80&lt;/field_length&gt;&lt;/AddField&gt;&lt;/workflow&gt;&lt;workflow&gt;&lt;AddField&gt;&lt;field_name&gt;fte_inf&lt;/field_name&gt;&lt;field_type&gt;TEXT&lt;/field_type&gt;&lt;field_alias&gt;Fuente de Información&lt;/field_alias&gt;&lt;field_is_nullable&gt;TRUE&lt;/field_is_nullable&gt;&lt;field_length&gt;100&lt;/field_length&gt;&lt;/AddField&gt;&lt;/workflow&gt;&lt;workflow&gt;&lt;AddField&gt;&lt;field_name&gt;id_modif_uso&lt;/field_name&gt;&lt;field_type&gt;TEXT&lt;/field_type&gt;&lt;field_alias&gt;Identificador de la Modificación del Uso&lt;/field_alias&gt;&lt;field_is_nullable&gt;TRUE&lt;/field_is_nullable&gt;&lt;field_length&gt;10&lt;/field_length&gt;&lt;/AddField&gt;&lt;/workflow&gt;&lt;workflow&gt;&lt;AddField&gt;&lt;field_name&gt;jrsdccn&lt;/field_name&gt;&lt;field_type&gt;TEXT&lt;/field_type&gt;&lt;field_alias&gt;Jurisdicción&lt;/field_alias&gt;&lt;field_is_nullable&gt;TRUE&lt;/field_is_nullable&gt;&lt;field_length&gt;8&lt;/field_length&gt;&lt;field_domain&gt;jrsdccnd&lt;/field_domain&gt;&lt;/AddField&gt;&lt;/workflow&gt;&lt;workflow&gt;&lt;AddField&gt;&lt;field_name&gt;categria&lt;/field_name&gt;&lt;field_type&gt;TEXT&lt;/field_type&gt;&lt;field_alias&gt;Clasificación General del Uso de Suelo&lt;/field_alias&gt;&lt;field_is_nullable&gt;TRUE&lt;/field_is_nullable&gt;&lt;field_length&gt;50&lt;/field_length&gt;&lt;field_domain&gt;CtgUsos2040&lt;/field_domain&gt;&lt;/AddField&gt;&lt;/workflow&gt;&lt;workflow&gt;&lt;AddField&gt;&lt;field_name&gt;uso_suelo&lt;/field_name&gt;&lt;field_type&gt;TEXT&lt;/field_type&gt;&lt;field_alias&gt;Uso de Suelo Autorizado&lt;/field_alias&gt;&lt;field_is_nullable&gt;TRUE&lt;/field_is_nullable&gt;&lt;field_length&gt;50&lt;/field_length&gt;&lt;field_domain&gt;Ct_Usos2040&lt;/field_domain&gt;&lt;/AddField&gt;&lt;/workflow&gt;&lt;workflow&gt;&lt;AddField&gt;&lt;field_name&gt;dst_ubic_zp&lt;/field_name&gt;&lt;field_type&gt;TEXT&lt;/field_type&gt;&lt;field_alias&gt;Distribución del Uso Según su Ubicación en la Zonificación Primaria&lt;/field_alias&gt;&lt;field_is_nullable&gt;TRUE&lt;/field_is_nullable&gt;&lt;field_length&gt;80&lt;/field_length&gt;&lt;/AddField&gt;&lt;/workflow&gt;&lt;workflow&gt;&lt;AddField&gt;&lt;field_name&gt;dst_ubic_zp1&lt;/field_name&gt;&lt;field_type&gt;TEXT&lt;/field_type&gt;&lt;field_alias&gt;Distribución del Uso Según su Ubicación en la Zonificación Primaria&lt;/field_alias&gt;&lt;field_is_nullable&gt;TRUE&lt;/field_is_nullable&gt;&lt;field_length&gt;80&lt;/field_length&gt;&lt;/AddField&gt;&lt;/workflow&gt;&lt;workflow&gt;&lt;AddField&gt;&lt;field_name&gt;sup_ha&lt;/field_name&gt;&lt;field_type&gt;DOUBLE&lt;/field_type&gt;&lt;field_alias&gt;Superficie (ha)&lt;/field_alias&gt;&lt;field_is_nullable&gt;TRUE&lt;/field_is_nullable&gt;&lt;field_length&gt;8&lt;/field_length&gt;&lt;/AddField&gt;&lt;/workflow&gt;&lt;workflow&gt;&lt;AddField&gt;&lt;field_name&gt;url1&lt;/field_name&gt;&lt;field_type&gt;TEXT&lt;/field_type&gt;&lt;field_alias&gt;Acceder a la Tabla de Compatibilidad&lt;/field_alias&gt;&lt;field_is_nullable&gt;TRUE&lt;/field_is_nullable&gt;&lt;field_length&gt;200&lt;/field_length&gt;&lt;/AddField&gt;&lt;/workflow&gt;&lt;workflow&gt;&lt;AddField&gt;&lt;field_name&gt;url2&lt;/field_name&gt;&lt;field_type&gt;TEXT&lt;/field_type&gt;&lt;field_alias&gt;Acceder a la Ficha del Uso de Suelo&lt;/field_alias&gt;&lt;field_is_nullable&gt;TRUE&lt;/field_is_nullable&gt;&lt;field_length&gt;200&lt;/field_length&gt;&lt;/AddField&gt;&lt;/workflow&gt;&lt;workflow&gt;&lt;AddField&gt;&lt;field_name&gt;url3&lt;/field_name&gt;&lt;field_type&gt;TEXT&lt;/field_type&gt;&lt;field_alias&gt;Acceder a las Tablas Normativas&lt;/field_alias&gt;&lt;field_is_nullable&gt;TRUE&lt;/field_is_nullable&gt;&lt;field_length&gt;200&lt;/field_length&gt;&lt;/AddField&gt;&lt;/workflow&gt;&lt;workflow&gt;&lt;AddField&gt;&lt;field_name&gt;url4&lt;/field_name&gt;&lt;field_type&gt;TEXT&lt;/field_type&gt;&lt;field_alias&gt;Acceder a la Carta Urbana&lt;/field_alias&gt;&lt;field_is_nullable&gt;TRUE&lt;/field_is_nullable&gt;&lt;field_length&gt;200&lt;/field_length&gt;&lt;/AddField&gt;&lt;/workflow&gt;&lt;workflow&gt;&lt;AddField&gt;&lt;field_name&gt;url5&lt;/field_name&gt;&lt;field_type&gt;TEXT&lt;/field_type&gt;&lt;field_alias&gt;Acceder a la Normatividad Complementaria&lt;/field_alias&gt;&lt;field_is_nullable&gt;TRUE&lt;/field_is_nullable&gt;&lt;field_length&gt;200&lt;/field_length&gt;&lt;/AddField&gt;&lt;/workflow&gt;&lt;workflow&gt;&lt;AddField&gt;&lt;field_name&gt;url6&lt;/field_name&gt;&lt;field_type&gt;TEXT&lt;/field_type&gt;&lt;field_alias&gt;Acceder al Diccionario de Datos del Objeto Geográfico&lt;/field_alias&gt;&lt;field_is_nullable&gt;TRUE&lt;/field_is_nullable&gt;&lt;field_length&gt;200&lt;/field_length&gt;&lt;/AddField&gt;&lt;/workflow&gt;&lt;/operationSequence&gt;"</Process><Process ToolSource="c:\program files\arcgis\pro\Resources\ArcToolbox\toolboxes\Data Management Tools.tbx\UpdateSchema" Date="20231220" Time="120011">UpdateSchema T:\PDUCP\2023\07_cartografia\gdb\PDU2040_2023.gdb\zonificacion\z_s_2023 &lt;operationSequence&gt;&lt;workflow&gt;&lt;AlterField&gt;&lt;field_name&gt;OBJECTID&lt;/field_name&gt;&lt;field_alias&gt;OBJECTID&lt;/field_alias&gt;&lt;/AlterField&gt;&lt;/workflow&gt;&lt;workflow&gt;&lt;AlterField&gt;&lt;field_name&gt;SHAPE&lt;/field_name&gt;&lt;field_alias&gt;SHAPE&lt;/field_alias&gt;&lt;/AlterField&gt;&lt;/workflow&gt;&lt;/operationSequence&gt;</Process><Process ToolSource="c:\program files\arcgis\pro\Resources\ArcToolbox\toolboxes\Data Management Tools.tbx\Rename" Date="20231220" Time="120451">Rename T:\PDUCP\2023\07_cartografia\gdb\PDU2040_2023.gdb\zonificacion\z_s_2023 T:\PDUCP\2023\07_cartografia\gdb\PDU2040_2023.gdb\zonificacion\zonificacion_secundaria_2023 FeatureClass</Process><Process ToolSource="c:\program files (x86)\arcgis\desktop10.8\ArcToolbox\Toolboxes\Data Management Tools.tbx\Append" Date="20231220" Time="125504">Append T:\PDUCP\2023\07_cartografia\gdb\PDU2040_2023.gdb\zonificacion\zonificacion_secundaria_2023_old T:\PDUCP\2023\07_cartografia\gdb\PDU2040_2023.gdb\zonificacion\zonificacion_secundaria_2023 NO_TEST "Shape_Length "Shape_Length" false true true 8 Double 0 0 ,First,#;Shape_Area "Shape_Area" false true true 8 Double 0 0 ,First,#;obj_geo "Objeto Geográfico" true true false 50 Text 0 0 ,First,#,T:\PDUCP\2023\07_cartografia\gdb\PDU2040_2023.gdb\zonificacion\zonificacion_secundaria_2023_old,obj_geo,-1,-1;cod_obj_geo "Código del Objeto Geográfico" true true false 9 Text 0 0 ,First,#,T:\PDUCP\2023\07_cartografia\gdb\PDU2040_2023.gdb\zonificacion\zonificacion_secundaria_2023_old,cod_obj_geo,-1,-1;cve_ent "Clave del Estado" true true false 2 Text 0 0 ,First,#,T:\PDUCP\2023\07_cartografia\gdb\PDU2040_2023.gdb\zonificacion\zonificacion_secundaria_2023_old,cve_ent,-1,-1;cve_mun "Clave del Municipio" true true false 9 Text 0 0 ,First,#,T:\PDUCP\2023\07_cartografia\gdb\PDU2040_2023.gdb\zonificacion\zonificacion_secundaria_2023_old,cve_mun,-1,-1;cve_loc "Clave de Localidad" true true false 9 Text 0 0 ,First,#,T:\PDUCP\2023\07_cartografia\gdb\PDU2040_2023.gdb\zonificacion\zonificacion_secundaria_2023_old,cve_loc,-1,-1;cve_zm "Clave de Zona Metropolitana" true true false 8 Text 0 0 ,First,#;zonif_prim "Ubicación en la Zonificación Primaria" true true false 35 Text 0 0 ,First,#,T:\PDUCP\2023\07_cartografia\gdb\PDU2040_2023.gdb\zonificacion\zonificacion_secundaria_2023_old,zonif_prim,-1,-1;cal_pos "Calificador de Posición" true true false 2 Text 0 0 ,First,#,T:\PDUCP\2023\07_cartografia\gdb\PDU2040_2023.gdb\zonificacion\zonificacion_secundaria_2023_old,cal_pos,-1,-1;fecha_act "Fecha de Actualización" true true false 8 Date 0 0 ,First,#,T:\PDUCP\2023\07_cartografia\gdb\PDU2040_2023.gdb\zonificacion\zonificacion_secundaria_2023_old,fecha_act,-1,-1;a_act "Año de Actualización" true true false 2 Short 0 0 ,First,#;institucion "Responsable o Integrador de la Información" true true false 80 Text 0 0 ,First,#,T:\PDUCP\2023\07_cartografia\gdb\PDU2040_2023.gdb\zonificacion\zonificacion_secundaria_2023_old,institucion,-1,-1;fte_inf "Fuente de Información" true true false 100 Text 0 0 ,First,#,T:\PDUCP\2023\07_cartografia\gdb\PDU2040_2023.gdb\zonificacion\zonificacion_secundaria_2023_old,fte_inf,-1,-1;id_modif_uso "Identificador de la Modificación del Uso" true true false 10 Text 0 0 ,First,#,T:\PDUCP\2023\07_cartografia\gdb\PDU2040_2023.gdb\zonificacion\zonificacion_secundaria_2023_old,id_modif_uso,-1,-1;jrsdccn "Jurisdicción" true true false 8 Text 0 0 ,First,#,T:\PDUCP\2023\07_cartografia\gdb\PDU2040_2023.gdb\zonificacion\zonificacion_secundaria_2023_old,jrsdccn,-1,-1;categria "Clasificación General del Uso de Suelo" true true false 50 Text 0 0 ,First,#,T:\PDUCP\2023\07_cartografia\gdb\PDU2040_2023.gdb\zonificacion\zonificacion_secundaria_2023_old,Categria,-1,-1;uso_suelo "Uso de Suelo Autorizado" true true false 50 Text 0 0 ,First,#,T:\PDUCP\2023\07_cartografia\gdb\PDU2040_2023.gdb\zonificacion\zonificacion_secundaria_2023_old,uso_suelo,-1,-1;dst_ubic_zp "Distribución del Uso Según su Ubicación en la Zonificación Primaria" true true false 80 Text 0 0 ,First,#,T:\PDUCP\2023\07_cartografia\gdb\PDU2040_2023.gdb\zonificacion\zonificacion_secundaria_2023_old,dst_ubic_zp,-1,-1;dst_ubic_zp1 "Distribución del Uso Según su Ubicación en la Zonificación Primaria" true true false 80 Text 0 0 ,First,#,T:\PDUCP\2023\07_cartografia\gdb\PDU2040_2023.gdb\zonificacion\zonificacion_secundaria_2023_old,dst_ubic_zp1,-1,-1;sup_ha "Superficie (ha)" true true false 8 Double 0 0 ,First,#,T:\PDUCP\2023\07_cartografia\gdb\PDU2040_2023.gdb\zonificacion\zonificacion_secundaria_2023_old,sup_ha,-1,-1;url1 "Acceder a la Tabla de Compatibilidad" true true false 200 Text 0 0 ,First,#;url2 "Acceder a la Ficha del Uso de Suelo" true true false 200 Text 0 0 ,First,#;url3 "Acceder a las Tablas Normativas" true true false 200 Text 0 0 ,First,#;url4 "Acceder a la Carta Urbana" true true false 200 Text 0 0 ,First,#;url5 "Acceder a la Normatividad Complementaria" true true false 200 Text 0 0 ,First,#;url6 "Acceder al Diccionario de Datos del Objeto Geográfico" true true false 200 Text 0 0 ,First,#" #</Process><Process ToolSource="c:\program files (x86)\arcgis\desktop10.8\ArcToolbox\Toolboxes\Data Management Tools.tbx\CalculateField" Date="20231220" Time="131520">CalculateField zonificacion_secundaria_2023 obj_geo "zonificacion_secundaria_2023" VB #</Process><Process ToolSource="c:\program files (x86)\arcgis\desktop10.8\ArcToolbox\Toolboxes\Data Management Tools.tbx\CalculateField" Date="20231220" Time="131626">CalculateField zonificacion_secundaria_2023 cod_obj_geo "016.003.004" VB #</Process><Process ToolSource="c:\program files (x86)\arcgis\desktop10.8\ArcToolbox\Toolboxes\Data Management Tools.tbx\CalculateField" Date="20231220" Time="131728">CalculateField zonificacion_secundaria_2023 cod_obj_geo "" VB #</Process><Process ToolSource="c:\program files (x86)\arcgis\desktop10.8\ArcToolbox\Toolboxes\Data Management Tools.tbx\CalculateField" Date="20231220" Time="131840">CalculateField zonificacion_secundaria_2023 cve_zm "08.1.01" VB #</Process><Process ToolSource="c:\program files (x86)\arcgis\desktop10.8\ArcToolbox\Toolboxes\Data Management Tools.tbx\CalculateField" Date="20231220" Time="133233">CalculateField zonificacion_secundaria_2023 temp [fecha_act] VB #</Process><Process ToolSource="c:\program files (x86)\arcgis\desktop10.8\ArcToolbox\Toolboxes\Data Management Tools.tbx\CalculateField" Date="20231220" Time="134114">CalculateField zonificacion_secundaria_2023 a_act Mid( [temp], 6, 4 ) VB #</Process><Process ToolSource="c:\program files (x86)\arcgis\desktop10.8\ArcToolbox\Toolboxes\Data Management Tools.tbx\CalculateField" Date="20231220" Time="134140">CalculateField zonificacion_secundaria_2023 a_act Mid( [temp], 6, 2 ) VB #</Process><Process ToolSource="c:\program files (x86)\arcgis\desktop10.8\ArcToolbox\Toolboxes\Data Management Tools.tbx\CalculateField" Date="20231220" Time="134155">CalculateField zonificacion_secundaria_2023 a_act Mid( [temp], 2, 2 ) VB #</Process><Process ToolSource="c:\program files (x86)\arcgis\desktop10.8\ArcToolbox\Toolboxes\Data Management Tools.tbx\CalculateField" Date="20231220" Time="134713">CalculateField zonificacion_secundaria_2023 a_act !temp![7:10] PYTHON_9.3 #</Process><Process ToolSource="c:\program files (x86)\arcgis\desktop10.8\ArcToolbox\Toolboxes\Data Management Tools.tbx\CalculateField" Date="20231220" Time="134819">CalculateField zonificacion_secundaria_2023 a_act !temp![8:10] PYTHON_9.3 #</Process><Process ToolSource="c:\program files (x86)\arcgis\desktop10.8\ArcToolbox\Toolboxes\Data Management Tools.tbx\CalculateField" Date="20231220" Time="134921">CalculateField zonificacion_secundaria_2023 a_act Right( [temp], 4 ) VB #</Process><Process ToolSource="c:\program files (x86)\arcgis\desktop10.8\ArcToolbox\Toolboxes\Data Management Tools.tbx\CalculateField" Date="20231220" Time="134943">CalculateField zonificacion_secundaria_2023 a_act Right( [fecha_act] , 4 ) VB #</Process><Process ToolSource="c:\program files (x86)\arcgis\desktop10.8\ArcToolbox\Toolboxes\Data Management Tools.tbx\DeleteField" Date="20231220" Time="135250">DeleteField zonificacion_secundaria_2023 temp</Process><Process ToolSource="c:\program files (x86)\arcgis\desktop10.8\ArcToolbox\Toolboxes\Data Management Tools.tbx\DeleteField" Date="20231220" Time="140308">DeleteField T:\PDUCP\2023\07_cartografia\gdb\PDU2040_2023.gdb\zonificacion\zonificacion_secundaria_2023 temp</Process><Process ToolSource="c:\program files (x86)\arcgis\desktop10.8\ArcToolbox\Toolboxes\Data Management Tools.tbx\CalculateField" Date="20231220" Time="145542">CalculateField zonificacion_secundaria_2023 a_act Right( [fecha_act],4 ) VB #</Process><Process ToolSource="c:\program files (x86)\arcgis\desktop10.8\ArcToolbox\Toolboxes\Data Management Tools.tbx\CalculateField" Date="20231220" Time="145701">CalculateField zonificacion_secundaria_2023 a_act Right( [fecha_act],4 ) VB #</Process><Process ToolSource="c:\program files\arcgis\pro\Resources\ArcToolbox\toolboxes\Data Management Tools.tbx\CalculateGeometryAttributes" Date="20240118" Time="153012">CalculateGeometryAttributes zonificacion_secundaria_2023 "sup_ha AREA" # Hectares # "Same as input"</Process><Process ToolSource="c:\program files\arcgis\pro\Resources\ArcToolbox\toolboxes\Data Management Tools.tbx\CalculateGeometryAttributes" Date="20240208" Time="103430">CalculateGeometryAttributes zonificacion_secundaria_2023 "sup_ha AREA" # Hectares PROJCS["MEXICO_ITRF_2008_UTM_Zone_13N",GEOGCS["ITRF_2008",DATUM["D_ITRF_2008",SPHEROID["GRS_1980",6378137.0,298.257222101]],PRIMEM["Greenwich",0.0],UNIT["Degree",0.0174532925199433]],PROJECTION["Transverse_Mercator"],PARAMETER["False_Easting",500000.0],PARAMETER["False_Northing",0.0],PARAMETER["Central_Meridian",-105.0],PARAMETER["Scale_Factor",0.9996],PARAMETER["Latitude_Of_Origin",0.0],UNIT["Meter",1.0]] "Same as input"</Process><Process ToolSource="c:\program files\arcgis\pro\Resources\ArcToolbox\Toolboxes\Data Management Tools.tbx\UpdateSchema" Date="20240215" Time="143440">UpdateSchema "CIMDATA=&lt;CIMFeatureDatasetDataConnection xsi:type='typens:CIMFeatureDatasetDataConnection' xmlns:xsi='http://www.w3.org/2001/XMLSchema-instance' xmlns:xs='http://www.w3.org/2001/XMLSchema' xmlns:typens='http://www.esri.com/schemas/ArcGIS/3.2.0'&gt;&lt;FeatureDataset&gt;zonificacion&lt;/FeatureDataset&gt;&lt;WorkspaceConnectionString&gt;DATABASE=T:\PDUCP\2023\07_cartografia\gdb\PDU2040_2023.gdb&lt;/WorkspaceConnectionString&gt;&lt;WorkspaceFactory&gt;FileGDB&lt;/WorkspaceFactory&gt;&lt;Dataset&gt;zonificacion_secundaria_2023&lt;/Dataset&gt;&lt;DatasetType&gt;esriDTFeatureClass&lt;/DatasetType&gt;&lt;/CIMFeatureDatasetDataConnection&gt;" "&lt;operationSequence&gt;&lt;workflow&gt;&lt;AlterField&gt;&lt;field_name&gt;fte_inf&lt;/field_name&gt;&lt;field_alias&gt;Origen de la Información&lt;/field_alias&gt;&lt;field_type&gt;TEXT&lt;/field_type&gt;&lt;field_is_nullable&gt;True&lt;/field_is_nullable&gt;&lt;clear_field_alias&gt;False&lt;/clear_field_alias&gt;&lt;/AlterField&gt;&lt;/workflow&gt;&lt;/operationSequence&gt;"</Process><Process ToolSource="c:\program files\arcgis\pro\Resources\ArcToolbox\toolboxes\Data Management Tools.tbx\CalculateField" Date="20240222" Time="152239">CalculateField zonificacion_secundaria_2023 cod_obj_geo "016.003.004" Python # Text NO_ENFORCE_DOMAINS</Process><Process ToolSource="c:\program files\arcgis\pro\Resources\ArcToolbox\toolboxes\Data Management Tools.tbx\UpdateSchema" Date="20240222" Time="152314">UpdateSchema "CIMDATA=&lt;CIMFeatureDatasetDataConnection xsi:type='typens:CIMFeatureDatasetDataConnection' xmlns:xsi='http://www.w3.org/2001/XMLSchema-instance' xmlns:xs='http://www.w3.org/2001/XMLSchema' xmlns:typens='http://www.esri.com/schemas/ArcGIS/3.2.0'&gt;&lt;FeatureDataset&gt;zonificacion&lt;/FeatureDataset&gt;&lt;WorkspaceConnectionString&gt;DATABASE=T:\PDUCP\2023\07_cartografia\gdb\PDU2040_2023.gdb&lt;/WorkspaceConnectionString&gt;&lt;WorkspaceFactory&gt;FileGDB&lt;/WorkspaceFactory&gt;&lt;Dataset&gt;zonificacion_secundaria_2023&lt;/Dataset&gt;&lt;DatasetType&gt;esriDTFeatureClass&lt;/DatasetType&gt;&lt;/CIMFeatureDatasetDataConnection&gt;" &lt;operationSequence&gt;&lt;workflow&gt;&lt;AlterField&gt;&lt;field_name&gt;cod_obj_geo&lt;/field_name&gt;&lt;field_type&gt;TEXT&lt;/field_type&gt;&lt;field_length&gt;11&lt;/field_length&gt;&lt;field_is_nullable&gt;True&lt;/field_is_nullable&gt;&lt;clear_field_alias&gt;False&lt;/clear_field_alias&gt;&lt;/AlterField&gt;&lt;/workflow&gt;&lt;/operationSequence&gt;</Process><Process ToolSource="c:\program files\arcgis\pro\Resources\ArcToolbox\toolboxes\Data Management Tools.tbx\CalculateField" Date="20240222" Time="170037">CalculateField zonificacion_secundaria_2023 url3 "https://sigmun-pdu.s3.us-west-1.amazonaws.com/PDU2040/5.1.EstrategiasPrincipales/5.1.3.TablasNormativas.pdf" Python # Text NO_ENFORCE_DOMAINS</Process><Process ToolSource="c:\program files (x86)\arcgis\desktop10.8\ArcToolbox\Toolboxes\Data Management Tools.tbx\CalculateField" Date="20240226" Time="113349">CalculateField zonificacion_secundaria_2023 url4 "https://sigmun-pdu.s3.us-west-1.amazonaws.com/PDU2040/10.CartaUrbana/Carta_Urbana_hoja1.jpg" VB #</Process><Process ToolSource="c:\program files (x86)\arcgis\desktop10.8\ArcToolbox\Toolboxes\Data Management Tools.tbx\CalculateField" Date="20240226" Time="152952">CalculateField zonificacion_secundaria_2023 url2 "https://sigmun-pdu.s3.us-west-1.amazonaws.com/PDU2040/5.1.EstrategiasPrincipales/E_UsosSuelo_HAB.pdf" VB #</Process><Process ToolSource="c:\program files (x86)\arcgis\desktop10.8\ArcToolbox\Toolboxes\Data Management Tools.tbx\CalculateField" Date="20240226" Time="162711">CalculateField zonificacion_secundaria_2023 url2 "https://sigmun-pdu.s3.us-west-1.amazonaws.com/PDU2040/5.1.EstrategiasPrincipales/E_UsoSuelo_CMR.pdf" VB #</Process><Process ToolSource="c:\program files (x86)\arcgis\desktop10.8\ArcToolbox\Toolboxes\Data Management Tools.tbx\CalculateField" Date="20240226" Time="163428">CalculateField zonificacion_secundaria_2023 url2 "https://sigmun-pdu.s3.us-west-1.amazonaws.com/PDU2040/5.1.EstrategiasPrincipales/E_UsoSuelo_EQM_RYD.pdf" VB #</Process><Process ToolSource="c:\program files (x86)\arcgis\desktop10.8\ArcToolbox\Toolboxes\Data Management Tools.tbx\CalculateField" Date="20240226" Time="163805">CalculateField zonificacion_secundaria_2023 url2 "https://sigmun-pdu.s3.us-west-1.amazonaws.com/PDU2040/5.1.EstrategiasPrincipales/E_UsoSuelo_IND.pdf" VB #</Process><Process ToolSource="c:\program files (x86)\arcgis\desktop10.8\ArcToolbox\Toolboxes\Data Management Tools.tbx\CalculateField" Date="20240226" Time="164535">CalculateField zonificacion_secundaria_2023 url2 "https://sigmun-pdu.s3.us-west-1.amazonaws.com/PDU2040/5.1.EstrategiasPrincipales/E_UsoSuelo_MXT.pdf" VB #</Process><Process ToolSource="c:\program files (x86)\arcgis\desktop10.8\ArcToolbox\Toolboxes\Data Management Tools.tbx\CalculateField" Date="20240226" Time="164837">CalculateField zonificacion_secundaria_2023 url2 "https://sigmun-pdu.s3.us-west-1.amazonaws.com/PDU2040/5.1.EstrategiasPrincipales/E_UsoSuelo_IND.pdf" VB #</Process><Process ToolSource="c:\program files (x86)\arcgis\desktop10.8\ArcToolbox\Toolboxes\Data Management Tools.tbx\CalculateField" Date="20240226" Time="164930">CalculateField zonificacion_secundaria_2023 url2 "https://sigmun-pdu.s3.us-west-1.amazonaws.com/PDU2040/5.1.EstrategiasPrincipales/E_UsoSuelo_MXT.pdf" VB #</Process><Process ToolSource="c:\program files (x86)\arcgis\desktop10.8\ArcToolbox\Toolboxes\Data Management Tools.tbx\CalculateField" Date="20240226" Time="165306">CalculateField zonificacion_secundaria_2023 url2 "https://sigmun-pdu.s3.us-west-1.amazonaws.com/PDU2040/5.1.EstrategiasPrincipales/E_UsoSuelo_PE_ANVA.pdf" VB #</Process><Process ToolSource="c:\program files (x86)\arcgis\desktop10.8\ArcToolbox\Toolboxes\Data Management Tools.tbx\CalculateField" Date="20240226" Time="165641">CalculateField zonificacion_secundaria_2023 url2 "https://sigmun-pdu.s3.us-west-1.amazonaws.com/PDU2040/5.1.EstrategiasPrincipales/E_UsoSuelo_ZA.pdf" VB #</Process><Process ToolSource="c:\program files (x86)\arcgis\desktop10.8\ArcToolbox\Toolboxes\Data Management Tools.tbx\CalculateField" Date="20240226" Time="165917">CalculateField zonificacion_secundaria_2023 url2 "https://sigmun-pdu.s3.us-west-1.amazonaws.com/PDU2040/5.1.EstrategiasPrincipales/E_UsoSuelo_ZEDEC.pdf" VB #</Process><Process ToolSource="c:\program files (x86)\arcgis\desktop10.8\ArcToolbox\Toolboxes\Data Management Tools.tbx\CalculateField" Date="20240226" Time="170142">CalculateField zonificacion_secundaria_2023 url2 "https://sigmun-pdu.s3.us-west-1.amazonaws.com/PDU2040/5.1.EstrategiasPrincipales/E_UsoSuelo_PPCNodos.pdf" VB #</Process><Process ToolSource="c:\program files (x86)\arcgis\desktop10.8\ArcToolbox\Toolboxes\Data Management Tools.tbx\CalculateField" Date="20240226" Time="170716">CalculateField zonificacion_secundaria_2023 url2 "https://sigmun-pdu.s3.us-west-1.amazonaws.com/PDU2040/5.1.EstrategiasPrincipales/E_UsoSuelo_PPCCorredores.pdf" VB #</Process><Process ToolSource="c:\program files (x86)\arcgis\desktop10.8\ArcToolbox\Toolboxes\Data Management Tools.tbx\CalculateField" Date="20240226" Time="171204">CalculateField zonificacion_secundaria_2023 url2 "https://sigmun-pdu.s3.us-west-1.amazonaws.com/PDU2040/5.1.EstrategiasPrincipales/E_UsoSuelo_PPCVivMxt.pdf" VB #</Process><Process ToolSource="c:\program files (x86)\arcgis\desktop10.8\ArcToolbox\Toolboxes\Data Management Tools.tbx\CalculateField" Date="20240227" Time="161334">CalculateField zonificacion_secundaria_2023 url2 "https://sigmun-pdu.s3.us-west-1.amazonaws.com/PDU2040/5.1.EstrategiasPrincipales/E_UsosSuelo_HAB.pdf" VB #</Process><Process ToolSource="c:\program files (x86)\arcgis\desktop10.8\ArcToolbox\Toolboxes\Data Management Tools.tbx\CalculateField" Date="20240228" Time="085314">CalculateField zonificacion_secundaria_2023 url2 "https://sigmun-pdu.s3.us-west-1.amazonaws.com/PDU2040/5.1.EstrategiasPrincipales/E_UsoSuelo_PPCCorredores.pdf" VB #</Process><Process ToolSource="c:\program files (x86)\arcgis\desktop10.8\ArcToolbox\Toolboxes\Data Management Tools.tbx\CalculateField" Date="20240228" Time="091333">CalculateField zonificacion_secundaria_2023 url2 "https://sigmun-pdu.s3.us-west-1.amazonaws.com/PDU2040/5.1.EstrategiasPrincipales/E_UsoSuelo_CMR.pdf" VB #</Process><Process ToolSource="c:\program files (x86)\arcgis\desktop10.8\ArcToolbox\Toolboxes\Data Management Tools.tbx\CalculateField" Date="20240228" Time="091523">CalculateField zonificacion_secundaria_2023 url2 "https://sigmun-pdu.s3.us-west-1.amazonaws.com/PDU2040/5.1.EstrategiasPrincipales/E_UsoSuelo_MXT.pdf" VB #</Process><Process ToolSource="c:\program files (x86)\arcgis\desktop10.8\ArcToolbox\Toolboxes\Data Management Tools.tbx\CalculateField" Date="20240228" Time="091800">CalculateField zonificacion_secundaria_2023 url2 "https://sigmun-pdu.s3.us-west-1.amazonaws.com/PDU2040/5.1.EstrategiasPrincipales/E_UsoSuelo_PPCCorredores.pdf" VB #</Process><Process ToolSource="c:\program files\arcgis\pro\Resources\ArcToolbox\Toolboxes\Data Management Tools.tbx\UpdateSchema" Date="20240228" Time="103248">UpdateSchema "CIMDATA=&lt;CIMFeatureDatasetDataConnection xsi:type='typens:CIMFeatureDatasetDataConnection' xmlns:xsi='http://www.w3.org/2001/XMLSchema-instance' xmlns:xs='http://www.w3.org/2001/XMLSchema' xmlns:typens='http://www.esri.com/schemas/ArcGIS/3.2.0'&gt;&lt;FeatureDataset&gt;zonificacion&lt;/FeatureDataset&gt;&lt;WorkspaceConnectionString&gt;DATABASE=T:\PDUCP\2023\07_cartografia\gdb\PDU2040_2023_CAMM.gdb&lt;/WorkspaceConnectionString&gt;&lt;WorkspaceFactory&gt;FileGDB&lt;/WorkspaceFactory&gt;&lt;Dataset&gt;zonificacion_secundaria_2023&lt;/Dataset&gt;&lt;DatasetType&gt;esriDTFeatureClass&lt;/DatasetType&gt;&lt;/CIMFeatureDatasetDataConnection&gt;" "&lt;operationSequence&gt;&lt;workflow&gt;&lt;AlterField&gt;&lt;field_name&gt;url2&lt;/field_name&gt;&lt;field_alias&gt;Acceder al Documento de su Definición&lt;/field_alias&gt;&lt;field_type&gt;TEXT&lt;/field_type&gt;&lt;field_is_nullable&gt;True&lt;/field_is_nullable&gt;&lt;clear_field_alias&gt;False&lt;/clear_field_alias&gt;&lt;/AlterField&gt;&lt;/workflow&gt;&lt;/operationSequence&gt;"</Process><Process ToolSource="c:\program files\arcgis\pro\Resources\ArcToolbox\toolboxes\Data Management Tools.tbx\UpdateSchema" Date="20240304" Time="132823">UpdateSchema "CIMDATA=&lt;CIMFeatureDatasetDataConnection xsi:type='typens:CIMFeatureDatasetDataConnection' xmlns:xsi='http://www.w3.org/2001/XMLSchema-instance' xmlns:xs='http://www.w3.org/2001/XMLSchema' xmlns:typens='http://www.esri.com/schemas/ArcGIS/3.2.0'&gt;&lt;FeatureDataset&gt;zonificacion&lt;/FeatureDataset&gt;&lt;WorkspaceConnectionString&gt;DATABASE=T:\PDUCP\2023\07_cartografia\gdb\PDU2040_2023.gdb&lt;/WorkspaceConnectionString&gt;&lt;WorkspaceFactory&gt;FileGDB&lt;/WorkspaceFactory&gt;&lt;Dataset&gt;zonificacion_secundaria_2023&lt;/Dataset&gt;&lt;DatasetType&gt;esriDTFeatureClass&lt;/DatasetType&gt;&lt;/CIMFeatureDatasetDataConnection&gt;" &lt;operationSequence&gt;&lt;workflow&gt;&lt;AssignDefaultToField&gt;&lt;field_name&gt;cve_zm&lt;/field_name&gt;&lt;default_value&gt;08.01&lt;/default_value&gt;&lt;/AssignDefaultToField&gt;&lt;/workflow&gt;&lt;workflow&gt;&lt;AssignDomainToField&gt;&lt;field_name&gt;jrsdccn&lt;/field_name&gt;&lt;domain_name&gt;jrsdccn&lt;/domain_name&gt;&lt;/AssignDomainToField&gt;&lt;/workflow&gt;&lt;/operationSequence&gt;</Process><Process ToolSource="c:\program files\arcgis\pro\Resources\ArcToolbox\toolboxes\Data Management Tools.tbx\CalculateField" Date="20240304" Time="154359">CalculateField zonificacion_secundaria_2023 url4 "https://sigmun-pdu.s3.us-west-1.amazonaws.com/PDU2040/10.CartaUrbana/PDU2040-2023_CartaUrbana.pdf" Python # Text NO_ENFORCE_DOMAINS</Process><Process ToolSource="c:\program files\arcgis\pro\Resources\ArcToolbox\toolboxes\Data Management Tools.tbx\CalculateField" Date="20240304" Time="154550">CalculateField zonificacion_secundaria_2023 cve_zm "08.01" Python # Text NO_ENFORCE_DOMAINS</Process><Process ToolSource="c:\program files\arcgis\pro\Resources\ArcToolbox\toolboxes\Data Management Tools.tbx\CalculateField" Date="20240304" Time="154717">CalculateField zonificacion_secundaria_2023 obj_geo "Zonificacicón Secundaria 2023" Python # Text NO_ENFORCE_DOMAINS</Process><Process ToolSource="c:\program files\arcgis\pro\Resources\ArcToolbox\toolboxes\Data Management Tools.tbx\CalculateField" Date="20240307" Time="115348">CalculateField zonificacion_secundaria_2023 cod_obj_geo "016.003.004" Python # Text NO_ENFORCE_DOMAINS</Process><Process ToolSource="c:\program files\arcgis\pro\Resources\ArcToolbox\toolboxes\Data Management Tools.tbx\CalculateField" Date="20240307" Time="131322">CalculateField zonificacion_secundaria_2023 cve_ent "08" Python # Text NO_ENFORCE_DOMAINS</Process><Process ToolSource="c:\program files\arcgis\pro\Resources\ArcToolbox\toolboxes\Data Management Tools.tbx\CalculateField" Date="20240307" Time="163329">CalculateField zonificacion_secundaria_2023 cve_mun "019" Python # Text NO_ENFORCE_DOMAINS</Process><Process ToolSource="c:\program files\arcgis\pro\Resources\ArcToolbox\toolboxes\Data Management Tools.tbx\CalculateField" Date="20240311" Time="100727">CalculateField zonificacion_secundaria_2023 cve_loc "0001" Python # Text NO_ENFORCE_DOMAINS</Process><Process ToolSource="c:\program files\arcgis\pro\Resources\ArcToolbox\toolboxes\Data Management Tools.tbx\CalculateField" Date="20240311" Time="101551">CalculateField zonificacion_secundaria_2023 institucion "IMPLAN" Python # Text NO_ENFORCE_DOMAINS</Process><Process ToolSource="c:\program files\arcgis\pro\Resources\ArcToolbox\toolboxes\Data Management Tools.tbx\CalculateField" Date="20240311" Time="102212">CalculateField zonificacion_secundaria_2023 fte_inf "CATASTRO" Python # Text NO_ENFORCE_DOMAINS</Process><Process ToolSource="c:\program files\arcgis\pro\Resources\ArcToolbox\toolboxes\Data Management Tools.tbx\CalculateField" Date="20240311" Time="104044">CalculateField zonificacion_secundaria_2023 fte_inf "IMPLAN" Python # Text NO_ENFORCE_DOMAINS</Process><Process ToolSource="c:\program files (x86)\arcgis\desktop10.8\ArcToolbox\Toolboxes\Data Management Tools.tbx\Merge" Date="20240401" Time="150335">Merge T:\PDUCP\2023\07_cartografia\gdb\PDU2040_2023.gdb\zonificacion\zonificacion_secundaria_2023 T:\PDUCP\2023\07_cartografia\datos_abiertos\Zonificacion\Zonificación_Secundaria_2023_utm13n_OK.shp "obj_geo "Objeto Geográfico" true true false 50 Text 0 0 ,First,#,T:\PDUCP\2023\07_cartografia\gdb\PDU2040_2023.gdb\zonificacion\zonificacion_secundaria_2023,obj_geo,-1,-1;cod_obj_ge "Código del Objeto Geográfico" true true false 11 Text 0 0 ,First,#,T:\PDUCP\2023\07_cartografia\gdb\PDU2040_2023.gdb\zonificacion\zonificacion_secundaria_2023,cod_obj_geo,-1,-1;cve_ent "Clave del Estado" true true false 2 Text 0 0 ,First,#,T:\PDUCP\2023\07_cartografia\gdb\PDU2040_2023.gdb\zonificacion\zonificacion_secundaria_2023,cve_ent,-1,-1;cve_mun "Clave del Municipio" true true false 9 Text 0 0 ,First,#,T:\PDUCP\2023\07_cartografia\gdb\PDU2040_2023.gdb\zonificacion\zonificacion_secundaria_2023,cve_mun,-1,-1;cve_loc "Clave de Localidad" true true false 9 Text 0 0 ,First,#,T:\PDUCP\2023\07_cartografia\gdb\PDU2040_2023.gdb\zonificacion\zonificacion_secundaria_2023,cve_loc,-1,-1;cve_zm "Clave de Zona Metropolitana" true true false 8 Text 0 0 ,First,#,T:\PDUCP\2023\07_cartografia\gdb\PDU2040_2023.gdb\zonificacion\zonificacion_secundaria_2023,cve_zm,-1,-1;zonif_prim "Ubicación en la Zonificación Primaria" true true false 35 Text 0 0 ,First,#,T:\PDUCP\2023\07_cartografia\gdb\PDU2040_2023.gdb\zonificacion\zonificacion_secundaria_2023,zonif_prim,-1,-1;cal_pos "Calificador de Posición" true true false 2 Text 0 0 ,First,#,T:\PDUCP\2023\07_cartografia\gdb\PDU2040_2023.gdb\zonificacion\zonificacion_secundaria_2023,cal_pos,-1,-1;fecha_act "Fecha de Actualización" true true false 8 Date 0 0 ,First,#,T:\PDUCP\2023\07_cartografia\gdb\PDU2040_2023.gdb\zonificacion\zonificacion_secundaria_2023,fecha_act,-1,-1;a_act "Año de Actualización" true true false 2 Short 0 0 ,First,#,T:\PDUCP\2023\07_cartografia\gdb\PDU2040_2023.gdb\zonificacion\zonificacion_secundaria_2023,a_act,-1,-1;institucio "Responsable o Integrador de la Información" true true false 80 Text 0 0 ,First,#,T:\PDUCP\2023\07_cartografia\gdb\PDU2040_2023.gdb\zonificacion\zonificacion_secundaria_2023,institucion,-1,-1;fte_inf "Origen de la Información" true true false 100 Text 0 0 ,First,#,T:\PDUCP\2023\07_cartografia\gdb\PDU2040_2023.gdb\zonificacion\zonificacion_secundaria_2023,fte_inf,-1,-1;id_modif_u "Identificador de la Modificación del Uso" true true false 10 Text 0 0 ,First,#,T:\PDUCP\2023\07_cartografia\gdb\PDU2040_2023.gdb\zonificacion\zonificacion_secundaria_2023,id_modif_uso,-1,-1;jrsdccn "Jurisdicción" true true false 8 Text 0 0 ,First,#,T:\PDUCP\2023\07_cartografia\gdb\PDU2040_2023.gdb\zonificacion\zonificacion_secundaria_2023,jrsdccn,-1,-1;categria "Clasificación General del Uso de Suelo" true true false 50 Text 0 0 ,First,#,T:\PDUCP\2023\07_cartografia\gdb\PDU2040_2023.gdb\zonificacion\zonificacion_secundaria_2023,categria,-1,-1;uso_suelo "Uso de Suelo Autorizado" true true false 50 Text 0 0 ,First,#,T:\PDUCP\2023\07_cartografia\gdb\PDU2040_2023.gdb\zonificacion\zonificacion_secundaria_2023,uso_suelo,-1,-1;dst_ubic_1 "Distribución del Uso Según su Ubicación en la Zonificación Primaria" true true false 80 Text 0 0 ,First,#,T:\PDUCP\2023\07_cartografia\gdb\PDU2040_2023.gdb\zonificacion\zonificacion_secundaria_2023,dst_ubic_zp,-1,-1;dst_ubic_2 "Distribución del Uso Según su Ubicación en la Zonificación Primaria" true true false 80 Text 0 0 ,First,#,T:\PDUCP\2023\07_cartografia\gdb\PDU2040_2023.gdb\zonificacion\zonificacion_secundaria_2023,dst_ubic_zp1,-1,-1;sup_ha "Superficie (ha)" true true false 8 Double 0 0 ,First,#,T:\PDUCP\2023\07_cartografia\gdb\PDU2040_2023.gdb\zonificacion\zonificacion_secundaria_2023,sup_ha,-1,-1;url1 "Acceder a la Tabla de Compatibilidad" true true false 200 Text 0 0 ,First,#,T:\PDUCP\2023\07_cartografia\gdb\PDU2040_2023.gdb\zonificacion\zonificacion_secundaria_2023,url1,-1,-1;url2 "Acceder al Documento de su Definición" true true false 200 Text 0 0 ,First,#,T:\PDUCP\2023\07_cartografia\gdb\PDU2040_2023.gdb\zonificacion\zonificacion_secundaria_2023,url2,-1,-1;url3 "Acceder a las Tablas Normativas" true true false 200 Text 0 0 ,First,#,T:\PDUCP\2023\07_cartografia\gdb\PDU2040_2023.gdb\zonificacion\zonificacion_secundaria_2023,url3,-1,-1;url4 "Acceder a la Carta Urbana" true true false 200 Text 0 0 ,First,#,T:\PDUCP\2023\07_cartografia\gdb\PDU2040_2023.gdb\zonificacion\zonificacion_secundaria_2023,url4,-1,-1;url5 "Acceder a la Normatividad Complementaria" true true false 200 Text 0 0 ,First,#,T:\PDUCP\2023\07_cartografia\gdb\PDU2040_2023.gdb\zonificacion\zonificacion_secundaria_2023,url5,-1,-1;url6 "Acceder al Diccionario de Datos del Objeto Geográfico" true true false 200 Text 0 0 ,First,#,T:\PDUCP\2023\07_cartografia\gdb\PDU2040_2023.gdb\zonificacion\zonificacion_secundaria_2023,url6,-1,-1"</Process></lineage><itemProps><itemName Sync="TRUE">Zonificación_Secundaria_2023_utm13n_OK</itemName><imsContentType Sync="TRUE">002</imsContentType><itemSize Sync="TRUE">0.000</itemSize><itemLocation><linkage Sync="TRUE">file://\\10.218.108.49\Planeacion\PDUCP\2023\07_cartografia\datos_abiertos\Zonificacion\Zonificación_Secundaria_2023_utm13n_OK.shp</linkage><protocol Sync="TRUE">Local Area Network</protocol></itemLocation></itemProps><coordRef><type Sync="TRUE">Projected</type><geogcsn Sync="TRUE">GCS_ITRF_2008</geogcsn><csUnits Sync="TRUE">Linear Unit: Meter (1.000000)</csUnits><projcsn Sync="TRUE">MEXICO_ITRF_2008_UTM_Zone_13N</projcsn><peXml Sync="TRUE">&lt;ProjectedCoordinateSystem xsi:type='typens:ProjectedCoordinateSystem' xmlns:xsi='http://www.w3.org/2001/XMLSchema-instance' xmlns:xs='http://www.w3.org/2001/XMLSchema' xmlns:typens='http://www.esri.com/schemas/ArcGIS/10.8'&gt;&lt;WKT&gt;PROJCS[&amp;quot;MEXICO_ITRF_2008_UTM_Zone_13N&amp;quot;,GEOGCS[&amp;quot;ITRF_2008&amp;quot;,DATUM[&amp;quot;D_ITRF_2008&amp;quot;,SPHEROID[&amp;quot;GRS_1980&amp;quot;,6378137.0,298.257222101]],PRIMEM[&amp;quot;Greenwich&amp;quot;,0.0],UNIT[&amp;quot;Degree&amp;quot;,0.0174532925199433]],PROJECTION[&amp;quot;Transverse_Mercator&amp;quot;],PARAMETER[&amp;quot;False_Easting&amp;quot;,500000.0],PARAMETER[&amp;quot;False_Northing&amp;quot;,0.0],PARAMETER[&amp;quot;Central_Meridian&amp;quot;,-105.0],PARAMETER[&amp;quot;Scale_Factor&amp;quot;,0.9996],PARAMETER[&amp;quot;Latitude_Of_Origin&amp;quot;,0.0],UNIT[&amp;quot;Meter&amp;quot;,1.0]]&lt;/WKT&gt;&lt;XOrigin&gt;-5120900&lt;/XOrigin&gt;&lt;YOrigin&gt;-9998100&lt;/YOrigin&gt;&lt;XYScale&gt;450445547.3910538&lt;/XYScale&gt;&lt;ZOrigin&gt;-100000&lt;/ZOrigin&gt;&lt;ZScale&gt;10000&lt;/ZScale&gt;&lt;MOrigin&gt;-100000&lt;/MOrigin&gt;&lt;MScale&gt;10000&lt;/MScale&gt;&lt;XYTolerance&gt;0.001&lt;/XYTolerance&gt;&lt;ZTolerance&gt;0.001&lt;/ZTolerance&gt;&lt;MTolerance&gt;0.001&lt;/MTolerance&gt;&lt;HighPrecision&gt;true&lt;/HighPrecision&gt;&lt;/ProjectedCoordinateSystem&gt;</peXml></coordRef></DataProperties><SyncDate>20240401</SyncDate><SyncTime>14573900</SyncTime><ModDate>20240401</ModDate><ModTime>14573900</ModTime></Esri><dataIdInfo><envirDesc Sync="TRUE"> Version 6.2 (Build 9200) ; Esri ArcGIS 10.9.1.28388</envirDesc><dataLang><languageCode value="spa" Sync="TRUE"></languageCode><countryCode value="MEX" Sync="TRUE"></countryCode></dataLang><idCitation><resTitle Sync="TRUE">Zonificación_Secundaria_2023_utm13n_OK</resTitle><presForm><PresFormCd value="005" Sync="TRUE"></PresFormCd></presForm></idCitation><spatRpType><SpatRepTypCd value="001" Sync="TRUE"></SpatRepTypCd></spatRpType></dataIdInfo><mdLang><languageCode value="spa" Sync="TRUE"></languageCode><countryCode value="MEX" Sync="TRUE"></countryCode></mdLang><distInfo><distFormat><formatName Sync="TRUE">Shapefile</formatName></distFormat><distTranOps><transSize Sync="TRUE">0.000</transSize></distTranOps></distInfo><mdHrLv><ScopeCd value="005" Sync="TRUE"></ScopeCd></mdHrLv><mdHrLvName Sync="TRUE">dataset</mdHrLvName><refSysInfo><RefSystem><refSysID><identCode code="0" Sync="TRUE"></identCode></refSysID></RefSystem></refSysInfo><spatRepInfo><VectSpatRep><geometObjs Name="Zonificación_Secundaria_2023_utm13n_OK"><geoObjTyp><GeoObjTypCd value="002" Sync="TRUE"></GeoObjTypCd></geoObjTyp><geoObjCnt Sync="TRUE">0</geoObjCnt></geometObjs><topLvl><TopoLevCd value="001" Sync="TRUE"></TopoLevCd></topLvl></VectSpatRep></spatRepInfo><spdoinfo><ptvctinf><esriterm Name="Zonificación_Secundaria_2023_utm13n_OK"><efeatyp Sync="TRUE">Simple</efeatyp><efeageom code="4" Sync="TRUE"></efeageom><esritopo Sync="TRUE">FALSE</esritopo><efeacnt Sync="TRUE">0</efeacnt><spindex Sync="TRUE">FALSE</spindex><linrefer Sync="TRUE">FALSE</linrefer></esriterm></ptvctinf></spdoinfo><eainfo><detailed Name="Zonificación_Secundaria_2023_utm13n_OK"><enttyp><enttypl Sync="TRUE">Zonificación_Secundaria_2023_utm13n_OK</enttypl><enttypt Sync="TRUE">Feature Class</enttypt><enttypc Sync="TRUE">0</enttypc></enttyp><attr><attrlabl Sync="TRUE">FID</attrlabl><attalias Sync="TRUE">FID</attalias><attrtype Sync="TRUE">OID</attrtype><attwidth Sync="TRUE">4</attwidth><atprecis Sync="TRUE">0</atprecis><attscale Sync="TRUE">0</attscale><attrdef Sync="TRUE">Internal feature number.</attrdef><attrdefs Sync="TRUE">Esri</attrdefs><attrdomv><udom Sync="TRUE">Sequential unique whole numbers that are automatically generated.</udom></attrdomv></attr><attr><attrlabl Sync="TRUE">Shape</attrlabl><attalias Sync="TRUE">Shape</attalias><attrtype Sync="TRUE">Geometry</attrtype><attwidth Sync="TRUE">0</attwidth><atprecis Sync="TRUE">0</atprecis><attscale Sync="TRUE">0</attscale><attrdef Sync="TRUE">Feature geometry.</attrdef><attrdefs Sync="TRUE">Esri</attrdefs><attrdomv><udom Sync="TRUE">Coordinates defining the features.</udom></attrdomv></attr><attr><attrlabl Sync="TRUE">obj_geo</attrlabl><attalias Sync="TRUE">obj_geo</attalias><attrtype Sync="TRUE">String</attrtype><attwidth Sync="TRUE">50</attwidth><atprecis Sync="TRUE">0</atprecis><attscale Sync="TRUE">0</attscale></attr><attr><attrlabl Sync="TRUE">cod_obj_ge</attrlabl><attalias Sync="TRUE">cod_obj_ge</attalias><attrtype Sync="TRUE">String</attrtype><attwidth Sync="TRUE">11</attwidth><atprecis Sync="TRUE">0</atprecis><attscale Sync="TRUE">0</attscale></attr><attr><attrlabl Sync="TRUE">cve_ent</attrlabl><attalias Sync="TRUE">cve_ent</attalias><attrtype Sync="TRUE">String</attrtype><attwidth Sync="TRUE">2</attwidth><atprecis Sync="TRUE">0</atprecis><attscale Sync="TRUE">0</attscale></attr><attr><attrlabl Sync="TRUE">cve_mun</attrlabl><attalias Sync="TRUE">cve_mun</attalias><attrtype Sync="TRUE">String</attrtype><attwidth Sync="TRUE">9</attwidth><atprecis Sync="TRUE">0</atprecis><attscale Sync="TRUE">0</attscale></attr><attr><attrlabl Sync="TRUE">cve_loc</attrlabl><attalias Sync="TRUE">cve_loc</attalias><attrtype Sync="TRUE">String</attrtype><attwidth Sync="TRUE">9</attwidth><atprecis Sync="TRUE">0</atprecis><attscale Sync="TRUE">0</attscale></attr><attr><attrlabl Sync="TRUE">cve_zm</attrlabl><attalias Sync="TRUE">cve_zm</attalias><attrtype Sync="TRUE">String</attrtype><attwidth Sync="TRUE">8</attwidth><atprecis Sync="TRUE">0</atprecis><attscale Sync="TRUE">0</attscale></attr><attr><attrlabl Sync="TRUE">zonif_prim</attrlabl><attalias Sync="TRUE">zonif_prim</attalias><attrtype Sync="TRUE">String</attrtype><attwidth Sync="TRUE">35</attwidth><atprecis Sync="TRUE">0</atprecis><attscale Sync="TRUE">0</attscale></attr><attr><attrlabl Sync="TRUE">cal_pos</attrlabl><attalias Sync="TRUE">cal_pos</attalias><attrtype Sync="TRUE">String</attrtype><attwidth Sync="TRUE">2</attwidth><atprecis Sync="TRUE">0</atprecis><attscale Sync="TRUE">0</attscale></attr><attr><attrlabl Sync="TRUE">fecha_act</attrlabl><attalias Sync="TRUE">fecha_act</attalias><attrtype Sync="TRUE">Date</attrtype><attwidth Sync="TRUE">8</attwidth><atprecis Sync="TRUE">0</atprecis><attscale Sync="TRUE">0</attscale></attr><attr><attrlabl Sync="TRUE">a_act</attrlabl><attalias Sync="TRUE">a_act</attalias><attrtype Sync="TRUE">Integer</attrtype><attwidth Sync="TRUE">5</attwidth><atprecis Sync="TRUE">5</atprecis><attscale Sync="TRUE">0</attscale></attr><attr><attrlabl Sync="TRUE">institucio</attrlabl><attalias Sync="TRUE">institucio</attalias><attrtype Sync="TRUE">String</attrtype><attwidth Sync="TRUE">80</attwidth><atprecis Sync="TRUE">0</atprecis><attscale Sync="TRUE">0</attscale></attr><attr><attrlabl Sync="TRUE">fte_inf</attrlabl><attalias Sync="TRUE">fte_inf</attalias><attrtype Sync="TRUE">String</attrtype><attwidth Sync="TRUE">100</attwidth><atprecis Sync="TRUE">0</atprecis><attscale Sync="TRUE">0</attscale></attr><attr><attrlabl Sync="TRUE">id_modif_u</attrlabl><attalias Sync="TRUE">id_modif_u</attalias><attrtype Sync="TRUE">String</attrtype><attwidth Sync="TRUE">10</attwidth><atprecis Sync="TRUE">0</atprecis><attscale Sync="TRUE">0</attscale></attr><attr><attrlabl Sync="TRUE">jrsdccn</attrlabl><attalias Sync="TRUE">jrsdccn</attalias><attrtype Sync="TRUE">String</attrtype><attwidth Sync="TRUE">8</attwidth><atprecis Sync="TRUE">0</atprecis><attscale Sync="TRUE">0</attscale></attr><attr><attrlabl Sync="TRUE">categria</attrlabl><attalias Sync="TRUE">categria</attalias><attrtype Sync="TRUE">String</attrtype><attwidth Sync="TRUE">50</attwidth><atprecis Sync="TRUE">0</atprecis><attscale Sync="TRUE">0</attscale></attr><attr><attrlabl Sync="TRUE">uso_suelo</attrlabl><attalias Sync="TRUE">uso_suelo</attalias><attrtype Sync="TRUE">String</attrtype><attwidth Sync="TRUE">50</attwidth><atprecis Sync="TRUE">0</atprecis><attscale Sync="TRUE">0</attscale></attr><attr><attrlabl Sync="TRUE">dst_ubic_1</attrlabl><attalias Sync="TRUE">dst_ubic_1</attalias><attrtype Sync="TRUE">String</attrtype><attwidth Sync="TRUE">80</attwidth><atprecis Sync="TRUE">0</atprecis><attscale Sync="TRUE">0</attscale></attr><attr><attrlabl Sync="TRUE">dst_ubic_2</attrlabl><attalias Sync="TRUE">dst_ubic_2</attalias><attrtype Sync="TRUE">String</attrtype><attwidth Sync="TRUE">80</attwidth><atprecis Sync="TRUE">0</atprecis><attscale Sync="TRUE">0</attscale></attr><attr><attrlabl Sync="TRUE">sup_ha</attrlabl><attalias Sync="TRUE">sup_ha</attalias><attrtype Sync="TRUE">Double</attrtype><attwidth Sync="TRUE">19</attwidth><atprecis Sync="TRUE">0</atprecis><attscale Sync="TRUE">0</attscale></attr><attr><attrlabl Sync="TRUE">url1</attrlabl><attalias Sync="TRUE">url1</attalias><attrtype Sync="TRUE">String</attrtype><attwidth Sync="TRUE">200</attwidth><atprecis Sync="TRUE">0</atprecis><attscale Sync="TRUE">0</attscale></attr><attr><attrlabl Sync="TRUE">url2</attrlabl><attalias Sync="TRUE">url2</attalias><attrtype Sync="TRUE">String</attrtype><attwidth Sync="TRUE">200</attwidth><atprecis Sync="TRUE">0</atprecis><attscale Sync="TRUE">0</attscale></attr><attr><attrlabl Sync="TRUE">url3</attrlabl><attalias Sync="TRUE">url3</attalias><attrtype Sync="TRUE">String</attrtype><attwidth Sync="TRUE">200</attwidth><atprecis Sync="TRUE">0</atprecis><attscale Sync="TRUE">0</attscale></attr><attr><attrlabl Sync="TRUE">url4</attrlabl><attalias Sync="TRUE">url4</attalias><attrtype Sync="TRUE">String</attrtype><attwidth Sync="TRUE">200</attwidth><atprecis Sync="TRUE">0</atprecis><attscale Sync="TRUE">0</attscale></attr><attr><attrlabl Sync="TRUE">url5</attrlabl><attalias Sync="TRUE">url5</attalias><attrtype Sync="TRUE">String</attrtype><attwidth Sync="TRUE">200</attwidth><atprecis Sync="TRUE">0</atprecis><attscale Sync="TRUE">0</attscale></attr><attr><attrlabl Sync="TRUE">url6</attrlabl><attalias Sync="TRUE">url6</attalias><attrtype Sync="TRUE">String</attrtype><attwidth Sync="TRUE">200</attwidth><atprecis Sync="TRUE">0</atprecis><attscale Sync="TRUE">0</attscale></attr></detailed></eainfo><mdDateSt Sync="TRUE">20240401</mdDateSt></metadata>
